Genome1,Genome2,DDH,CI,Distance,Prob_DDH_70,styled_Genome1,styled_Genome2
Ccu_c8Ua_181,Ccu_c8Ua_181,100,[100 - NaN%],0,98.3,"<span style='color:#FF00FF;'>Ccu</span> c8Ua 181<sup style=""vertical-align: super;"">T</sup>","<span style='color:#FF00FF;'>Ccu</span> c8Ua 181<sup style=""vertical-align: super;"">T</sup>"
Ccu_c8Ua_181,Ccu_CTNIH19,99.6,[99.4 - 99.8%],8e-4,98.19,"<span style='color:#FF00FF;'>Ccu</span> c8Ua 181<sup style=""vertical-align: super;"">T</sup>",<span style='color:#FF00FF;'>Ccu</span> CTNIH19
Ccu_c8Ua_181,Cha_CTNIH20,53.1,[50.4 - 55.7%],0.0649,28.43,"<span style='color:#FF00FF;'>Ccu</span> c8Ua 181<sup style=""vertical-align: super;"">T</sup>",<span style='color:#0ABF00;'>Cha</span> CTNIH20
Ccu_c8Ua_181,Cha_CTNIH21,52.2,[49.5 - 54.8%],0.0668,25.46,"<span style='color:#FF00FF;'>Ccu</span> c8Ua 181<sup style=""vertical-align: super;"">T</sup>",<span style='color:#0ABF00;'>Cha</span> CTNIH21
Ccu_c8Ua_181,Cha_CTNIH22,51.7,[49 - 54.3%],0.0679,23.99,"<span style='color:#FF00FF;'>Ccu</span> c8Ua 181<sup style=""vertical-align: super;"">T</sup>","<span style='color:#0ABF00;'>Cha</span> CTNIH22<sup style=""vertical-align: super;"">T</sup>"
Ccu_c8Ua_181,Cha_CTNIH23,51.9,[49.3 - 54.6%],0.0673,24.74,"<span style='color:#FF00FF;'>Ccu</span> c8Ua 181<sup style=""vertical-align: super;"">T</sup>",<span style='color:#0ABF00;'>Cha</span> CTNIH23
Ccu_c8Ua_181,Cke_CTNIH24,31.6,[29.2 - 34.1%],0.1337,0.2,"<span style='color:#FF00FF;'>Ccu</span> c8Ua 181<sup style=""vertical-align: super;"">T</sup>",<span style='color:#8200E7;'>Cna</span> CTNIH24
Ccu_c8Ua_181,Cke_CTNIH27,31.6,[29.2 - 34.1%],0.1336,0.2,"<span style='color:#FF00FF;'>Ccu</span> c8Ua 181<sup style=""vertical-align: super;"">T</sup>",<span style='color:#8200E7;'>Cna</span> CTNIH27
Ccu_c8Ua_181,Cke_EYE_437,31.6,[29.2 - 34.1%],0.134,0.2,"<span style='color:#FF00FF;'>Ccu</span> c8Ua 181<sup style=""vertical-align: super;"">T</sup>",<span style='color:#8200E7;'><span style='color:#8200E7;'>Cke</span></span> EYE_437
Ccu_c8Ua_181,Cke_FDAARGOS_1055,32,[29.6 - 34.5%],0.1316,0.24,"<span style='color:#FF00FF;'>Ccu</span> c8Ua 181<sup style=""vertical-align: super;"">T</sup>",<span style='color:#8200E7;'>Cke</span> FDAARGOS 1055
Ccu_c8Ua_181,Cke_LK1134,31.6,[29.2 - 34.2%],0.1335,0.2,"<span style='color:#FF00FF;'>Ccu</span> c8Ua 181<sup style=""vertical-align: super;"">T</sup>",<span style='color:#8200E7;'><span style='color:#8200E7;'>Cke</span></span> LK1134
Ccu_c8Ua_181,Cke_YSMAA5_1_D11,31.6,[29.2 - 34.1%],0.1336,0.2,"<span style='color:#FF00FF;'>Ccu</span> c8Ua 181<sup style=""vertical-align: super;"">T</sup>",<span style='color:#8200E7;'>Cke</span> YSMAA5_1_D11
Ccu_c8Ua_181,Cmq_c19Ua_121,34.6,[32.2 - 37.1%],0.1198,0.58,"<span style='color:#FF00FF;'>Ccu</span> c8Ua 181<sup style=""vertical-align: super;"">T</sup>","<span style='color:#39D9E5;'>Cmq</span> c19Ua 121<sup style=""vertical-align: super;"">T</sup>"
Ccu_c8Ua_181,Cmq_KPL4083,34.4,[31.9 - 36.9%],0.1209,0.53,"<span style='color:#FF00FF;'>Ccu</span> c8Ua 181<sup style=""vertical-align: super;"">T</sup>",<span style='color:#39D9E5;'>Cmq</span> KPL4083
Ccu_c8Ua_181,Cmq_MSK144,34.7,[32.2 - 37.2%],0.1195,0.59,"<span style='color:#FF00FF;'>Ccu</span> c8Ua 181<sup style=""vertical-align: super;"">T</sup>",<span style='color:#39D9E5;'>Cmq</span> MSK144
Ccu_c8Ua_181,Cna_KPL2825,31.5,[29.1 - 34%],0.1343,0.19,"<span style='color:#FF00FF;'>Ccu</span> c8Ua 181<sup style=""vertical-align: super;"">T</sup>",<span style='color:#8200E7;'>Cna</span> KPL2825
Ccu_c8Ua_181,Cna_KPL3649,31.5,[29.1 - 34%],0.1344,0.19,"<span style='color:#FF00FF;'>Ccu</span> c8Ua 181<sup style=""vertical-align: super;"">T</sup>",<span style='color:#8200E7;'>Cna</span> KPL3649
Ccu_c8Ua_181,Cna_KPL3804,31.6,[29.2 - 34.1%],0.1338,0.2,"<span style='color:#FF00FF;'>Ccu</span> c8Ua 181<sup style=""vertical-align: super;"">T</sup>","<span style='color:#8200E7;'>Cna</span> KPL3804<sup style=""vertical-align: super;"">T</sup>"
Ccu_c8Ua_181,Cna_KPL4035,31.5,[29.1 - 34%],0.1341,0.19,"<span style='color:#FF00FF;'>Ccu</span> c8Ua 181<sup style=""vertical-align: super;"">T</sup>",<span style='color:#8200E7;'>Cna</span> KPL4035
Ccu_c8Ua_181,Cna_KPL4072,31.5,[29.1 - 34%],0.1343,0.19,"<span style='color:#FF00FF;'>Ccu</span> c8Ua 181<sup style=""vertical-align: super;"">T</sup>",<span style='color:#8200E7;'>Cna</span> KPL4072
Ccu_c8Ua_181,Cna_MSK071,31.5,[29.1 - 34%],0.1343,0.19,"<span style='color:#FF00FF;'>Ccu</span> c8Ua 181<sup style=""vertical-align: super;"">T</sup>",<span style='color:#8200E7;'>Cna</span> MSK071
Ccu_c8Ua_181,Cna_MSK185,31.5,[29.1 - 34%],0.1342,0.19,"<span style='color:#FF00FF;'>Ccu</span> c8Ua 181<sup style=""vertical-align: super;"">T</sup>",<span style='color:#8200E7;'>Cna</span> MSK185
Ccu_c8Ua_181,Cna_MSK194,31.6,[29.2 - 34.1%],0.1338,0.2,"<span style='color:#FF00FF;'>Ccu</span> c8Ua 181<sup style=""vertical-align: super;"">T</sup>",<span style='color:#8200E7;'>Cna</span> MSK194
Ccu_c8Ua_181,Ctu_DSM_44922,34.5,[32 - 37%],0.1205,0.55,"<span style='color:#FF00FF;'>Ccu</span> c8Ua 181<sup style=""vertical-align: super;"">T</sup>","<span style='color:#002BFF;'>Ctu</span> DSM 44922<sup style=""vertical-align: super;"">T</sup>"
Ccu_c8Ua_181,Ctu_KPL3807,34.8,[32.4 - 37.3%],0.1189,0.62,"<span style='color:#FF00FF;'>Ccu</span> c8Ua 181<sup style=""vertical-align: super;"">T</sup>",<span style='color:#002BFF;'>Ctu</span> KPL3807
Ccu_c8Ua_181,Ctu_MSK207,34.7,[32.3 - 37.2%],0.1194,0.6,"<span style='color:#FF00FF;'>Ccu</span> c8Ua 181<sup style=""vertical-align: super;"">T</sup>",<span style='color:#002BFF;'>Ctu</span> MSK207
Ccu_c8Ua_181,Ctu_SK141,34.5,[32 - 37%],0.1204,0.56,"<span style='color:#FF00FF;'>Ccu</span> c8Ua 181<sup style=""vertical-align: super;"">T</sup>",<span style='color:#002BFF;'>Ctu</span> SK141
Ccu_c8Ua_181,Cyo_c21Ua_68,31.6,[29.2 - 34.1%],0.1338,0.2,"<span style='color:#FF00FF;'>Ccu</span> c8Ua 181<sup style=""vertical-align: super;"">T</sup>","<span style='color:#0A6003;'><span style='color:#0A6003;'>Cyo</span></span> c21Ua 68<sup style=""vertical-align: super;"">T</sup>"
Ccu_c8Ua_181,Cyo_KPL2619,31.6,[29.2 - 34.1%],0.134,0.2,"<span style='color:#FF00FF;'>Ccu</span> c8Ua 181<sup style=""vertical-align: super;"">T</sup>",<span style='color:#0A6003;'><span style='color:#0A6003;'>Cyo</span></span> KPL2619
Ccu_c8Ua_181,Cyo_MSK136,31.9,[29.5 - 34.4%],0.1323,0.22,"<span style='color:#FF00FF;'>Ccu</span> c8Ua 181<sup style=""vertical-align: super;"">T</sup>",<span style='color:#0A6003;'><span style='color:#0A6003;'>Cyo</span></span> MSK136
Ccu_CTNIH19,Ccu_c8Ua_181,99.6,[99.4 - 99.8%],8e-4,98.19,<span style='color:#FF00FF;'>Ccu</span> CTNIH19,"<span style='color:#FF00FF;'>Ccu</span> c8Ua 181<sup style=""vertical-align: super;"">T</sup>"
Ccu_CTNIH19,Ccu_CTNIH19,100,[100 - NaN%],0,98.3,<span style='color:#FF00FF;'>Ccu</span> CTNIH19,<span style='color:#FF00FF;'>Ccu</span> CTNIH19
Ccu_CTNIH19,Cha_CTNIH20,53.2,[50.5 - 55.8%],0.0646,28.78,<span style='color:#FF00FF;'>Ccu</span> CTNIH19,<span style='color:#0ABF00;'>Cha</span> CTNIH20
Ccu_CTNIH19,Cha_CTNIH21,52.4,[49.8 - 55.1%],0.0662,26.36,<span style='color:#FF00FF;'>Ccu</span> CTNIH19,<span style='color:#0ABF00;'>Cha</span> CTNIH21
Ccu_CTNIH19,Cha_CTNIH22,51.9,[49.2 - 54.5%],0.0674,24.64,<span style='color:#FF00FF;'>Ccu</span> CTNIH19,"<span style='color:#0ABF00;'>Cha</span> CTNIH22<sup style=""vertical-align: super;"">T</sup>"
Ccu_CTNIH19,Cha_CTNIH23,52,[49.3 - 54.7%],0.0671,25.05,<span style='color:#FF00FF;'>Ccu</span> CTNIH19,<span style='color:#0ABF00;'>Cha</span> CTNIH23
Ccu_CTNIH19,Cke_CTNIH24,31.6,[29.2 - 34.1%],0.1337,0.2,<span style='color:#FF00FF;'>Ccu</span> CTNIH19,<span style='color:#8200E7;'>Cna</span> CTNIH24
Ccu_CTNIH19,Cke_CTNIH27,31.6,[29.2 - 34.1%],0.1336,0.2,<span style='color:#FF00FF;'>Ccu</span> CTNIH19,<span style='color:#8200E7;'>Cna</span> CTNIH27
Ccu_CTNIH19,Cke_EYE_437,31.7,[29.3 - 34.2%],0.1335,0.2,<span style='color:#FF00FF;'>Ccu</span> CTNIH19,<span style='color:#8200E7;'><span style='color:#8200E7;'>Cke</span></span> EYE_437
Ccu_CTNIH19,Cke_FDAARGOS_1055,31.6,[29.2 - 34.1%],0.1336,0.2,<span style='color:#FF00FF;'>Ccu</span> CTNIH19,<span style='color:#8200E7;'>Cke</span> FDAARGOS 1055
Ccu_CTNIH19,Cke_LK1134,31.7,[29.3 - 34.2%],0.1333,0.21,<span style='color:#FF00FF;'>Ccu</span> CTNIH19,<span style='color:#8200E7;'><span style='color:#8200E7;'>Cke</span></span> LK1134
Ccu_CTNIH19,Cke_YSMAA5_1_D11,31.6,[29.2 - 34.1%],0.1336,0.2,<span style='color:#FF00FF;'>Ccu</span> CTNIH19,<span style='color:#8200E7;'>Cke</span> YSMAA5_1_D11
Ccu_CTNIH19,Cmq_c19Ua_121,34.4,[32 - 37%],0.1205,0.55,<span style='color:#FF00FF;'>Ccu</span> CTNIH19,"<span style='color:#39D9E5;'>Cmq</span> c19Ua 121<sup style=""vertical-align: super;"">T</sup>"
Ccu_CTNIH19,Cmq_KPL4083,34.4,[32 - 36.9%],0.1208,0.54,<span style='color:#FF00FF;'>Ccu</span> CTNIH19,<span style='color:#39D9E5;'>Cmq</span> KPL4083
Ccu_CTNIH19,Cmq_MSK144,34.7,[32.2 - 37.2%],0.1196,0.59,<span style='color:#FF00FF;'>Ccu</span> CTNIH19,<span style='color:#39D9E5;'>Cmq</span> MSK144
Ccu_CTNIH19,Cna_KPL2825,31.4,[29 - 33.9%],0.1346,0.19,<span style='color:#FF00FF;'>Ccu</span> CTNIH19,<span style='color:#8200E7;'>Cna</span> KPL2825
Ccu_CTNIH19,Cna_KPL3649,31.5,[29.1 - 34%],0.1344,0.19,<span style='color:#FF00FF;'>Ccu</span> CTNIH19,<span style='color:#8200E7;'>Cna</span> KPL3649
Ccu_CTNIH19,Cna_KPL3804,31.6,[29.2 - 34.1%],0.1338,0.2,<span style='color:#FF00FF;'>Ccu</span> CTNIH19,"<span style='color:#8200E7;'>Cna</span> KPL3804<sup style=""vertical-align: super;"">T</sup>"
Ccu_CTNIH19,Cna_KPL4035,31.5,[29.1 - 34.1%],0.134,0.2,<span style='color:#FF00FF;'>Ccu</span> CTNIH19,<span style='color:#8200E7;'>Cna</span> KPL4035
Ccu_CTNIH19,Cna_KPL4072,31.5,[29.1 - 34%],0.1341,0.19,<span style='color:#FF00FF;'>Ccu</span> CTNIH19,<span style='color:#8200E7;'>Cna</span> KPL4072
Ccu_CTNIH19,Cna_MSK071,31.5,[29.1 - 34%],0.1343,0.19,<span style='color:#FF00FF;'>Ccu</span> CTNIH19,<span style='color:#8200E7;'>Cna</span> MSK071
Ccu_CTNIH19,Cna_MSK185,31.5,[29.1 - 34%],0.1342,0.19,<span style='color:#FF00FF;'>Ccu</span> CTNIH19,<span style='color:#8200E7;'>Cna</span> MSK185
Ccu_CTNIH19,Cna_MSK194,31.6,[29.2 - 34.1%],0.1339,0.2,<span style='color:#FF00FF;'>Ccu</span> CTNIH19,<span style='color:#8200E7;'>Cna</span> MSK194
Ccu_CTNIH19,Ctu_DSM_44922,34.4,[32 - 36.9%],0.1207,0.54,<span style='color:#FF00FF;'>Ccu</span> CTNIH19,"<span style='color:#002BFF;'>Ctu</span> DSM 44922<sup style=""vertical-align: super;"">T</sup>"
Ccu_CTNIH19,Ctu_KPL3807,34.8,[32.4 - 37.4%],0.1188,0.63,<span style='color:#FF00FF;'>Ccu</span> CTNIH19,<span style='color:#002BFF;'>Ctu</span> KPL3807
Ccu_CTNIH19,Ctu_MSK207,34.6,[32.2 - 37.1%],0.1198,0.58,<span style='color:#FF00FF;'>Ccu</span> CTNIH19,<span style='color:#002BFF;'>Ctu</span> MSK207
Ccu_CTNIH19,Ctu_SK141,34.5,[32.1 - 37%],0.1202,0.56,<span style='color:#FF00FF;'>Ccu</span> CTNIH19,<span style='color:#002BFF;'>Ctu</span> SK141
Ccu_CTNIH19,Cyo_c21Ua_68,31.4,[29 - 33.9%],0.1346,0.19,<span style='color:#FF00FF;'>Ccu</span> CTNIH19,"<span style='color:#0A6003;'><span style='color:#0A6003;'>Cyo</span></span> c21Ua 68<sup style=""vertical-align: super;"">T</sup>"
Ccu_CTNIH19,Cyo_KPL2619,31.5,[29.1 - 34%],0.1343,0.19,<span style='color:#FF00FF;'>Ccu</span> CTNIH19,<span style='color:#0A6003;'><span style='color:#0A6003;'>Cyo</span></span> KPL2619
Ccu_CTNIH19,Cyo_MSK136,31.5,[29.1 - 34%],0.1345,0.19,<span style='color:#FF00FF;'>Ccu</span> CTNIH19,<span style='color:#0A6003;'><span style='color:#0A6003;'>Cyo</span></span> MSK136
Cha_CTNIH20,Ccu_c8Ua_181,53.1,[50.4 - 55.7%],0.0649,28.43,<span style='color:#0ABF00;'>Cha</span> CTNIH20,"<span style='color:#FF00FF;'>Ccu</span> c8Ua 181<sup style=""vertical-align: super;"">T</sup>"
Cha_CTNIH20,Ccu_CTNIH19,53.2,[50.5 - 55.8%],0.0646,28.78,<span style='color:#0ABF00;'>Cha</span> CTNIH20,<span style='color:#FF00FF;'>Ccu</span> CTNIH19
Cha_CTNIH20,Cha_CTNIH20,100,[100 - NaN%],0,98.3,<span style='color:#0ABF00;'>Cha</span> CTNIH20,<span style='color:#0ABF00;'>Cha</span> CTNIH20
Cha_CTNIH20,Cha_CTNIH21,82.3,[79.4 - 84.8%],0.0207,92.19,<span style='color:#0ABF00;'>Cha</span> CTNIH20,<span style='color:#0ABF00;'>Cha</span> CTNIH21
Cha_CTNIH20,Cha_CTNIH22,78.6,[75.6 - 81.3%],0.025,89.44,<span style='color:#0ABF00;'>Cha</span> CTNIH20,"<span style='color:#0ABF00;'>Cha</span> CTNIH22<sup style=""vertical-align: super;"">T</sup>"
Cha_CTNIH20,Cha_CTNIH23,83.6,[80.8 - 86.1%],0.0192,92.98,<span style='color:#0ABF00;'>Cha</span> CTNIH20,<span style='color:#0ABF00;'>Cha</span> CTNIH23
Cha_CTNIH20,Cke_CTNIH24,32.6,[30.2 - 35.1%],0.129,0.29,<span style='color:#0ABF00;'>Cha</span> CTNIH20,<span style='color:#8200E7;'>Cna</span> CTNIH24
Cha_CTNIH20,Cke_CTNIH27,32.6,[30.2 - 35.1%],0.129,0.29,<span style='color:#0ABF00;'>Cha</span> CTNIH20,<span style='color:#8200E7;'>Cna</span> CTNIH27
Cha_CTNIH20,Cke_EYE_437,32.6,[30.2 - 35.1%],0.1289,0.29,<span style='color:#0ABF00;'>Cha</span> CTNIH20,<span style='color:#8200E7;'><span style='color:#8200E7;'>Cke</span></span> EYE_437
Cha_CTNIH20,Cke_FDAARGOS_1055,32.8,[30.4 - 35.3%],0.1279,0.31,<span style='color:#0ABF00;'>Cha</span> CTNIH20,<span style='color:#8200E7;'>Cke</span> FDAARGOS 1055
Cha_CTNIH20,Cke_LK1134,32.7,[30.3 - 35.2%],0.1284,0.3,<span style='color:#0ABF00;'>Cha</span> CTNIH20,<span style='color:#8200E7;'><span style='color:#8200E7;'>Cke</span></span> LK1134
Cha_CTNIH20,Cke_YSMAA5_1_D11,32.8,[30.3 - 35.3%],0.1281,0.31,<span style='color:#0ABF00;'>Cha</span> CTNIH20,<span style='color:#8200E7;'>Cke</span> YSMAA5_1_D11
Cha_CTNIH20,Cmq_c19Ua_121,37.7,[35.3 - 40.3%],0.1074,1.49,<span style='color:#0ABF00;'>Cha</span> CTNIH20,"<span style='color:#39D9E5;'>Cmq</span> c19Ua 121<sup style=""vertical-align: super;"">T</sup>"
Cha_CTNIH20,Cmq_KPL4083,38.1,[35.6 - 40.6%],0.1061,1.64,<span style='color:#0ABF00;'>Cha</span> CTNIH20,<span style='color:#39D9E5;'>Cmq</span> KPL4083
Cha_CTNIH20,Cmq_MSK144,38,[35.6 - 40.5%],0.1064,1.61,<span style='color:#0ABF00;'>Cha</span> CTNIH20,<span style='color:#39D9E5;'>Cmq</span> MSK144
Cha_CTNIH20,Cna_KPL2825,32.6,[30.2 - 35.1%],0.129,0.29,<span style='color:#0ABF00;'>Cha</span> CTNIH20,<span style='color:#8200E7;'>Cna</span> KPL2825
Cha_CTNIH20,Cna_KPL3649,32.6,[30.2 - 35.1%],0.129,0.29,<span style='color:#0ABF00;'>Cha</span> CTNIH20,<span style='color:#8200E7;'>Cna</span> KPL3649
Cha_CTNIH20,Cna_KPL3804,32.7,[30.3 - 35.2%],0.1285,0.3,<span style='color:#0ABF00;'>Cha</span> CTNIH20,"<span style='color:#8200E7;'>Cna</span> KPL3804<sup style=""vertical-align: super;"">T</sup>"
Cha_CTNIH20,Cna_KPL4035,32.3,[29.9 - 34.8%],0.1303,0.26,<span style='color:#0ABF00;'>Cha</span> CTNIH20,<span style='color:#8200E7;'>Cna</span> KPL4035
Cha_CTNIH20,Cna_KPL4072,32.5,[30.1 - 35%],0.1294,0.28,<span style='color:#0ABF00;'>Cha</span> CTNIH20,<span style='color:#8200E7;'>Cna</span> KPL4072
Cha_CTNIH20,Cna_MSK071,32.6,[30.2 - 35.1%],0.129,0.29,<span style='color:#0ABF00;'>Cha</span> CTNIH20,<span style='color:#8200E7;'>Cna</span> MSK071
Cha_CTNIH20,Cna_MSK185,32.6,[30.2 - 35.1%],0.1288,0.29,<span style='color:#0ABF00;'>Cha</span> CTNIH20,<span style='color:#8200E7;'>Cna</span> MSK185
Cha_CTNIH20,Cna_MSK194,32.7,[30.3 - 35.2%],0.1285,0.3,<span style='color:#0ABF00;'>Cha</span> CTNIH20,<span style='color:#8200E7;'>Cna</span> MSK194
Cha_CTNIH20,Ctu_DSM_44922,37,[34.6 - 39.6%],0.11,1.23,<span style='color:#0ABF00;'>Cha</span> CTNIH20,"<span style='color:#002BFF;'>Ctu</span> DSM 44922<sup style=""vertical-align: super;"">T</sup>"
Cha_CTNIH20,Ctu_KPL3807,37.9,[35.4 - 40.4%],0.1068,1.56,<span style='color:#0ABF00;'>Cha</span> CTNIH20,<span style='color:#002BFF;'>Ctu</span> KPL3807
Cha_CTNIH20,Ctu_MSK207,37.2,[34.7 - 39.7%],0.1094,1.28,<span style='color:#0ABF00;'>Cha</span> CTNIH20,<span style='color:#002BFF;'>Ctu</span> MSK207
Cha_CTNIH20,Ctu_SK141,36.8,[34.3 - 39.3%],0.111,1.13,<span style='color:#0ABF00;'>Cha</span> CTNIH20,<span style='color:#002BFF;'>Ctu</span> SK141
Cha_CTNIH20,Cyo_c21Ua_68,32.6,[30.2 - 35.1%],0.1287,0.29,<span style='color:#0ABF00;'>Cha</span> CTNIH20,"<span style='color:#0A6003;'><span style='color:#0A6003;'>Cyo</span></span> c21Ua 68<sup style=""vertical-align: super;"">T</sup>"
Cha_CTNIH20,Cyo_KPL2619,32.7,[30.3 - 35.2%],0.1286,0.3,<span style='color:#0ABF00;'>Cha</span> CTNIH20,<span style='color:#0A6003;'><span style='color:#0A6003;'>Cyo</span></span> KPL2619
Cha_CTNIH20,Cyo_MSK136,32.5,[30.1 - 35%],0.1294,0.28,<span style='color:#0ABF00;'>Cha</span> CTNIH20,<span style='color:#0A6003;'><span style='color:#0A6003;'>Cyo</span></span> MSK136
Cha_CTNIH21,Ccu_c8Ua_181,52.2,[49.5 - 54.8%],0.0668,25.46,<span style='color:#0ABF00;'>Cha</span> CTNIH21,"<span style='color:#FF00FF;'>Ccu</span> c8Ua 181<sup style=""vertical-align: super;"">T</sup>"
Cha_CTNIH21,Ccu_CTNIH19,52.4,[49.8 - 55.1%],0.0662,26.36,<span style='color:#0ABF00;'>Cha</span> CTNIH21,<span style='color:#FF00FF;'>Ccu</span> CTNIH19
Cha_CTNIH21,Cha_CTNIH20,82.3,[79.4 - 84.8%],0.0207,92.19,<span style='color:#0ABF00;'>Cha</span> CTNIH21,<span style='color:#0ABF00;'>Cha</span> CTNIH20
Cha_CTNIH21,Cha_CTNIH21,100,[100 - NaN%],0,98.3,<span style='color:#0ABF00;'>Cha</span> CTNIH21,<span style='color:#0ABF00;'>Cha</span> CTNIH21
Cha_CTNIH21,Cha_CTNIH22,78.1,[75.2 - 80.9%],0.0256,89.03,<span style='color:#0ABF00;'>Cha</span> CTNIH21,"<span style='color:#0ABF00;'>Cha</span> CTNIH22<sup style=""vertical-align: super;"">T</sup>"
Cha_CTNIH21,Cha_CTNIH23,87.6,[85.1 - 89.8%],0.0147,94.92,<span style='color:#0ABF00;'>Cha</span> CTNIH21,<span style='color:#0ABF00;'>Cha</span> CTNIH23
Cha_CTNIH21,Cke_CTNIH24,32.5,[30.1 - 35%],0.1295,0.28,<span style='color:#0ABF00;'>Cha</span> CTNIH21,<span style='color:#8200E7;'>Cna</span> CTNIH24
Cha_CTNIH21,Cke_CTNIH27,32.6,[30.2 - 35.1%],0.1287,0.29,<span style='color:#0ABF00;'>Cha</span> CTNIH21,<span style='color:#8200E7;'>Cna</span> CTNIH27
Cha_CTNIH21,Cke_EYE_437,32.7,[30.3 - 35.2%],0.1283,0.3,<span style='color:#0ABF00;'>Cha</span> CTNIH21,<span style='color:#8200E7;'><span style='color:#8200E7;'>Cke</span></span> EYE_437
Cha_CTNIH21,Cke_FDAARGOS_1055,32.9,[30.5 - 35.4%],0.1273,0.33,<span style='color:#0ABF00;'>Cha</span> CTNIH21,<span style='color:#8200E7;'>Cke</span> FDAARGOS 1055
Cha_CTNIH21,Cke_LK1134,32.7,[30.3 - 35.2%],0.1283,0.3,<span style='color:#0ABF00;'>Cha</span> CTNIH21,<span style='color:#8200E7;'><span style='color:#8200E7;'>Cke</span></span> LK1134
Cha_CTNIH21,Cke_YSMAA5_1_D11,32.8,[30.4 - 35.4%],0.1277,0.32,<span style='color:#0ABF00;'>Cha</span> CTNIH21,<span style='color:#8200E7;'>Cke</span> YSMAA5_1_D11
Cha_CTNIH21,Cmq_c19Ua_121,38,[35.6 - 40.6%],0.1063,1.63,<span style='color:#0ABF00;'>Cha</span> CTNIH21,"<span style='color:#39D9E5;'>Cmq</span> c19Ua 121<sup style=""vertical-align: super;"">T</sup>"
Cha_CTNIH21,Cmq_KPL4083,38.3,[35.8 - 40.8%],0.1055,1.72,<span style='color:#0ABF00;'>Cha</span> CTNIH21,<span style='color:#39D9E5;'>Cmq</span> KPL4083
Cha_CTNIH21,Cmq_MSK144,38.4,[35.9 - 40.9%],0.1049,1.8,<span style='color:#0ABF00;'>Cha</span> CTNIH21,<span style='color:#39D9E5;'>Cmq</span> MSK144
Cha_CTNIH21,Cna_KPL2825,32.7,[30.3 - 35.2%],0.1284,0.3,<span style='color:#0ABF00;'>Cha</span> CTNIH21,<span style='color:#8200E7;'>Cna</span> KPL2825
Cha_CTNIH21,Cna_KPL3649,32.6,[30.2 - 35.1%],0.1288,0.29,<span style='color:#0ABF00;'>Cha</span> CTNIH21,<span style='color:#8200E7;'>Cna</span> KPL3649
Cha_CTNIH21,Cna_KPL3804,32.8,[30.4 - 35.3%],0.128,0.31,<span style='color:#0ABF00;'>Cha</span> CTNIH21,"<span style='color:#8200E7;'>Cna</span> KPL3804<sup style=""vertical-align: super;"">T</sup>"
Cha_CTNIH21,Cna_KPL4035,32.4,[30 - 34.9%],0.1298,0.27,<span style='color:#0ABF00;'>Cha</span> CTNIH21,<span style='color:#8200E7;'>Cna</span> KPL4035
Cha_CTNIH21,Cna_KPL4072,32.5,[30.1 - 35%],0.1293,0.28,<span style='color:#0ABF00;'>Cha</span> CTNIH21,<span style='color:#8200E7;'>Cna</span> KPL4072
Cha_CTNIH21,Cna_MSK071,32.6,[30.2 - 35.1%],0.1289,0.29,<span style='color:#0ABF00;'>Cha</span> CTNIH21,<span style='color:#8200E7;'>Cna</span> MSK071
Cha_CTNIH21,Cna_MSK185,32.6,[30.2 - 35.1%],0.1288,0.29,<span style='color:#0ABF00;'>Cha</span> CTNIH21,<span style='color:#8200E7;'>Cna</span> MSK185
Cha_CTNIH21,Cna_MSK194,32.8,[30.3 - 35.3%],0.1281,0.31,<span style='color:#0ABF00;'>Cha</span> CTNIH21,<span style='color:#8200E7;'>Cna</span> MSK194
Cha_CTNIH21,Ctu_DSM_44922,37,[34.5 - 39.5%],0.1102,1.2,<span style='color:#0ABF00;'>Cha</span> CTNIH21,"<span style='color:#002BFF;'>Ctu</span> DSM 44922<sup style=""vertical-align: super;"">T</sup>"
Cha_CTNIH21,Ctu_KPL3807,38.1,[35.7 - 40.6%],0.106,1.66,<span style='color:#0ABF00;'>Cha</span> CTNIH21,<span style='color:#002BFF;'>Ctu</span> KPL3807
Cha_CTNIH21,Ctu_MSK207,37.3,[34.9 - 39.8%],0.1089,1.33,<span style='color:#0ABF00;'>Cha</span> CTNIH21,<span style='color:#002BFF;'>Ctu</span> MSK207
Cha_CTNIH21,Ctu_SK141,36.8,[34.4 - 39.3%],0.1108,1.15,<span style='color:#0ABF00;'>Cha</span> CTNIH21,<span style='color:#002BFF;'>Ctu</span> SK141
Cha_CTNIH21,Cyo_c21Ua_68,32.3,[29.9 - 34.8%],0.1302,0.26,<span style='color:#0ABF00;'>Cha</span> CTNIH21,"<span style='color:#0A6003;'><span style='color:#0A6003;'>Cyo</span></span> c21Ua 68<sup style=""vertical-align: super;"">T</sup>"
Cha_CTNIH21,Cyo_KPL2619,32.2,[29.8 - 34.8%],0.1306,0.25,<span style='color:#0ABF00;'>Cha</span> CTNIH21,<span style='color:#0A6003;'><span style='color:#0A6003;'>Cyo</span></span> KPL2619
Cha_CTNIH21,Cyo_MSK136,32.4,[30 - 34.9%],0.1297,0.27,<span style='color:#0ABF00;'>Cha</span> CTNIH21,<span style='color:#0A6003;'><span style='color:#0A6003;'>Cyo</span></span> MSK136
Cha_CTNIH23,Ccu_c8Ua_181,51.9,[49.3 - 54.6%],0.0673,24.74,<span style='color:#0ABF00;'>Cha</span> CTNIH23,"<span style='color:#FF00FF;'>Ccu</span> c8Ua 181<sup style=""vertical-align: super;"">T</sup>"
Cha_CTNIH23,Ccu_CTNIH19,52,[49.3 - 54.7%],0.0671,25.05,<span style='color:#0ABF00;'>Cha</span> CTNIH23,<span style='color:#FF00FF;'>Ccu</span> CTNIH19
Cha_CTNIH23,Cha_CTNIH20,83.6,[80.8 - 86.1%],0.0192,92.98,<span style='color:#0ABF00;'>Cha</span> CTNIH23,<span style='color:#0ABF00;'>Cha</span> CTNIH20
Cha_CTNIH23,Cha_CTNIH21,87.6,[85.1 - 89.8%],0.0147,94.92,<span style='color:#0ABF00;'>Cha</span> CTNIH23,<span style='color:#0ABF00;'>Cha</span> CTNIH21
Cha_CTNIH23,Cha_CTNIH22,76.8,[73.8 - 79.6%],0.0272,87.77,<span style='color:#0ABF00;'>Cha</span> CTNIH23,"<span style='color:#0ABF00;'>Cha</span> CTNIH22<sup style=""vertical-align: super;"">T</sup>"
Cha_CTNIH23,Cha_CTNIH23,100,[100 - NaN%],0,98.3,<span style='color:#0ABF00;'>Cha</span> CTNIH23,<span style='color:#0ABF00;'>Cha</span> CTNIH23
Cha_CTNIH23,Cke_CTNIH24,32.6,[30.2 - 35.1%],0.129,0.29,<span style='color:#0ABF00;'>Cha</span> CTNIH23,<span style='color:#8200E7;'>Cna</span> CTNIH24
Cha_CTNIH23,Cke_CTNIH27,32.5,[30.1 - 35%],0.1294,0.28,<span style='color:#0ABF00;'>Cha</span> CTNIH23,<span style='color:#8200E7;'>Cna</span> CTNIH27
Cha_CTNIH23,Cke_EYE_437,32.7,[30.2 - 35.2%],0.1286,0.3,<span style='color:#0ABF00;'>Cha</span> CTNIH23,<span style='color:#8200E7;'><span style='color:#8200E7;'>Cke</span></span> EYE_437
Cha_CTNIH23,Cke_FDAARGOS_1055,32.8,[30.4 - 35.3%],0.1281,0.31,<span style='color:#0ABF00;'>Cha</span> CTNIH23,<span style='color:#8200E7;'>Cke</span> FDAARGOS 1055
Cha_CTNIH23,Cke_LK1134,32.6,[30.2 - 35.2%],0.1287,0.29,<span style='color:#0ABF00;'>Cha</span> CTNIH23,<span style='color:#8200E7;'><span style='color:#8200E7;'>Cke</span></span> LK1134
Cha_CTNIH23,Cke_YSMAA5_1_D11,32.7,[30.3 - 35.2%],0.1285,0.3,<span style='color:#0ABF00;'>Cha</span> CTNIH23,<span style='color:#8200E7;'>Cke</span> YSMAA5_1_D11
Cha_CTNIH23,Cmq_c19Ua_121,38.6,[36.1 - 41.1%],0.1043,1.89,<span style='color:#0ABF00;'>Cha</span> CTNIH23,"<span style='color:#39D9E5;'>Cmq</span> c19Ua 121<sup style=""vertical-align: super;"">T</sup>"
Cha_CTNIH23,Cmq_KPL4083,38.6,[36.1 - 41.1%],0.1044,1.87,<span style='color:#0ABF00;'>Cha</span> CTNIH23,<span style='color:#39D9E5;'>Cmq</span> KPL4083
Cha_CTNIH23,Cmq_MSK144,38.7,[36.3 - 41.3%],0.1038,1.95,<span style='color:#0ABF00;'>Cha</span> CTNIH23,<span style='color:#39D9E5;'>Cmq</span> MSK144
Cha_CTNIH23,Cna_KPL2825,32.6,[30.2 - 35.1%],0.1289,0.29,<span style='color:#0ABF00;'>Cha</span> CTNIH23,<span style='color:#8200E7;'>Cna</span> KPL2825
Cha_CTNIH23,Cna_KPL3649,32.5,[30.1 - 35.1%],0.1291,0.28,<span style='color:#0ABF00;'>Cha</span> CTNIH23,<span style='color:#8200E7;'>Cna</span> KPL3649
Cha_CTNIH23,Cna_KPL3804,32.6,[30.2 - 35.2%],0.1287,0.3,<span style='color:#0ABF00;'>Cha</span> CTNIH23,"<span style='color:#8200E7;'>Cna</span> KPL3804<sup style=""vertical-align: super;"">T</sup>"
Cha_CTNIH23,Cna_KPL4035,32.4,[30 - 34.9%],0.1298,0.27,<span style='color:#0ABF00;'>Cha</span> CTNIH23,<span style='color:#8200E7;'>Cna</span> KPL4035
Cha_CTNIH23,Cna_KPL4072,32.5,[30 - 35%],0.1296,0.28,<span style='color:#0ABF00;'>Cha</span> CTNIH23,<span style='color:#8200E7;'>Cna</span> KPL4072
Cha_CTNIH23,Cna_MSK071,32.5,[30.1 - 35%],0.1293,0.28,<span style='color:#0ABF00;'>Cha</span> CTNIH23,<span style='color:#8200E7;'>Cna</span> MSK071
Cha_CTNIH23,Cna_MSK185,32.5,[30.1 - 35%],0.1295,0.28,<span style='color:#0ABF00;'>Cha</span> CTNIH23,<span style='color:#8200E7;'>Cna</span> MSK185
Cha_CTNIH23,Cna_MSK194,32.7,[30.3 - 35.2%],0.1285,0.3,<span style='color:#0ABF00;'>Cha</span> CTNIH23,<span style='color:#8200E7;'>Cna</span> MSK194
Cha_CTNIH23,Ctu_DSM_44922,37.3,[34.9 - 39.8%],0.109,1.32,<span style='color:#0ABF00;'>Cha</span> CTNIH23,"<span style='color:#002BFF;'>Ctu</span> DSM 44922<sup style=""vertical-align: super;"">T</sup>"
Cha_CTNIH23,Ctu_KPL3807,38.6,[36.1 - 41.1%],0.1043,1.89,<span style='color:#0ABF00;'>Cha</span> CTNIH23,<span style='color:#002BFF;'>Ctu</span> KPL3807
Cha_CTNIH23,Ctu_MSK207,37.6,[35.1 - 40.1%],0.1079,1.44,<span style='color:#0ABF00;'>Cha</span> CTNIH23,<span style='color:#002BFF;'>Ctu</span> MSK207
Cha_CTNIH23,Ctu_SK141,37.1,[34.6 - 39.6%],0.1099,1.23,<span style='color:#0ABF00;'>Cha</span> CTNIH23,<span style='color:#002BFF;'>Ctu</span> SK141
Cha_CTNIH23,Cyo_c21Ua_68,32.3,[29.9 - 34.9%],0.1301,0.26,<span style='color:#0ABF00;'>Cha</span> CTNIH23,"<span style='color:#0A6003;'><span style='color:#0A6003;'>Cyo</span></span> c21Ua 68<sup style=""vertical-align: super;"">T</sup>"
Cha_CTNIH23,Cyo_KPL2619,32.5,[30 - 35%],0.1296,0.27,<span style='color:#0ABF00;'>Cha</span> CTNIH23,<span style='color:#0A6003;'><span style='color:#0A6003;'>Cyo</span></span> KPL2619
Cha_CTNIH23,Cyo_MSK136,32.4,[30 - 34.9%],0.1299,0.27,<span style='color:#0ABF00;'>Cha</span> CTNIH23,<span style='color:#0A6003;'><span style='color:#0A6003;'>Cyo</span></span> MSK136
Cke_CTNIH24,Ccu_c8Ua_181,31.6,[29.2 - 34.1%],0.1337,0.2,<span style='color:#8200E7;'>Cna</span> CTNIH24,"<span style='color:#FF00FF;'>Ccu</span> c8Ua 181<sup style=""vertical-align: super;"">T</sup>"
Cke_CTNIH24,Ccu_CTNIH19,31.6,[29.2 - 34.1%],0.1337,0.2,<span style='color:#8200E7;'>Cna</span> CTNIH24,<span style='color:#FF00FF;'>Ccu</span> CTNIH19
Cke_CTNIH24,Cha_CTNIH20,32.6,[30.2 - 35.1%],0.129,0.29,<span style='color:#8200E7;'>Cna</span> CTNIH24,<span style='color:#0ABF00;'>Cha</span> CTNIH20
Cke_CTNIH24,Cha_CTNIH21,32.5,[30.1 - 35%],0.1295,0.28,<span style='color:#8200E7;'>Cna</span> CTNIH24,<span style='color:#0ABF00;'>Cha</span> CTNIH21
Cke_CTNIH24,Cha_CTNIH22,32.8,[30.4 - 35.3%],0.128,0.31,<span style='color:#8200E7;'>Cna</span> CTNIH24,"<span style='color:#0ABF00;'>Cha</span> CTNIH22<sup style=""vertical-align: super;"">T</sup>"
Cke_CTNIH24,Cha_CTNIH23,32.6,[30.2 - 35.1%],0.129,0.29,<span style='color:#8200E7;'>Cna</span> CTNIH24,<span style='color:#0ABF00;'>Cha</span> CTNIH23
Cke_CTNIH24,Cke_CTNIH24,100,[100 - NaN%],0,98.3,<span style='color:#8200E7;'>Cna</span> CTNIH24,<span style='color:#8200E7;'>Cna</span> CTNIH24
Cke_CTNIH24,Cke_CTNIH27,80.1,[77.1 - 82.7%],0.0233,90.64,<span style='color:#8200E7;'>Cna</span> CTNIH24,<span style='color:#8200E7;'>Cna</span> CTNIH27
Cke_CTNIH24,Cke_EYE_437,78.5,[75.5 - 81.2%],0.0251,89.35,<span style='color:#8200E7;'>Cna</span> CTNIH24,<span style='color:#8200E7;'><span style='color:#8200E7;'>Cke</span></span> EYE_437
Cke_CTNIH24,Cke_FDAARGOS_1055,80.1,[77.1 - 82.7%],0.0233,90.65,<span style='color:#8200E7;'>Cna</span> CTNIH24,<span style='color:#8200E7;'>Cke</span> FDAARGOS 1055
Cke_CTNIH24,Cke_LK1134,77.9,[75 - 80.6%],0.0258,88.84,<span style='color:#8200E7;'>Cna</span> CTNIH24,<span style='color:#8200E7;'><span style='color:#8200E7;'>Cke</span></span> LK1134
Cke_CTNIH24,Cke_YSMAA5_1_D11,80.2,[77.3 - 82.8%],0.0231,90.75,<span style='color:#8200E7;'>Cna</span> CTNIH24,<span style='color:#8200E7;'>Cke</span> YSMAA5_1_D11
Cke_CTNIH24,Cmq_c19Ua_121,35.7,[33.2 - 38.2%],0.1154,0.81,<span style='color:#8200E7;'>Cna</span> CTNIH24,"<span style='color:#39D9E5;'>Cmq</span> c19Ua 121<sup style=""vertical-align: super;"">T</sup>"
Cke_CTNIH24,Cmq_KPL4083,36.1,[33.7 - 38.7%],0.1135,0.94,<span style='color:#8200E7;'>Cna</span> CTNIH24,<span style='color:#39D9E5;'>Cmq</span> KPL4083
Cke_CTNIH24,Cmq_MSK144,35.7,[33.2 - 38.2%],0.1155,0.81,<span style='color:#8200E7;'>Cna</span> CTNIH24,<span style='color:#39D9E5;'>Cmq</span> MSK144
Cke_CTNIH24,Cna_KPL2825,80,[77.1 - 82.7%],0.0233,90.6,<span style='color:#8200E7;'>Cna</span> CTNIH24,<span style='color:#8200E7;'>Cna</span> KPL2825
Cke_CTNIH24,Cna_KPL3649,79.7,[76.8 - 82.4%],0.0237,90.39,<span style='color:#8200E7;'>Cna</span> CTNIH24,<span style='color:#8200E7;'>Cna</span> KPL3649
Cke_CTNIH24,Cna_KPL3804,80.4,[77.5 - 83%],0.0229,90.88,<span style='color:#8200E7;'>Cna</span> CTNIH24,"<span style='color:#8200E7;'>Cna</span> KPL3804<sup style=""vertical-align: super;"">T</sup>"
Cke_CTNIH24,Cna_KPL4035,84.8,[82 - 87.2%],0.0179,93.61,<span style='color:#8200E7;'>Cna</span> CTNIH24,<span style='color:#8200E7;'>Cna</span> KPL4035
Cke_CTNIH24,Cna_KPL4072,83.9,[81.1 - 86.4%],0.0188,93.16,<span style='color:#8200E7;'>Cna</span> CTNIH24,<span style='color:#8200E7;'>Cna</span> KPL4072
Cke_CTNIH24,Cna_MSK071,79.6,[76.7 - 82.3%],0.0238,90.27,<span style='color:#8200E7;'>Cna</span> CTNIH24,<span style='color:#8200E7;'>Cna</span> MSK071
Cke_CTNIH24,Cna_MSK185,78.2,[75.2 - 80.9%],0.0255,89.08,<span style='color:#8200E7;'>Cna</span> CTNIH24,<span style='color:#8200E7;'>Cna</span> MSK185
Cke_CTNIH24,Cna_MSK194,80.4,[77.4 - 83%],0.0229,90.86,<span style='color:#8200E7;'>Cna</span> CTNIH24,<span style='color:#8200E7;'>Cna</span> MSK194
Cke_CTNIH24,Ctu_DSM_44922,36.1,[33.6 - 38.6%],0.1138,0.92,<span style='color:#8200E7;'>Cna</span> CTNIH24,"<span style='color:#002BFF;'>Ctu</span> DSM 44922<sup style=""vertical-align: super;"">T</sup>"
Cke_CTNIH24,Ctu_KPL3807,35.2,[32.8 - 37.7%],0.1174,0.7,<span style='color:#8200E7;'>Cna</span> CTNIH24,<span style='color:#002BFF;'>Ctu</span> KPL3807
Cke_CTNIH24,Ctu_MSK207,35.3,[32.9 - 37.8%],0.1169,0.73,<span style='color:#8200E7;'>Cna</span> CTNIH24,<span style='color:#002BFF;'>Ctu</span> MSK207
Cke_CTNIH24,Ctu_SK141,36,[33.6 - 38.5%],0.114,0.9,<span style='color:#8200E7;'>Cna</span> CTNIH24,<span style='color:#002BFF;'>Ctu</span> SK141
Cke_CTNIH24,Cyo_c21Ua_68,40.1,[37.6 - 42.6%],0.0991,2.78,<span style='color:#8200E7;'>Cna</span> CTNIH24,"<span style='color:#0A6003;'><span style='color:#0A6003;'>Cyo</span></span> c21Ua 68<sup style=""vertical-align: super;"">T</sup>"
Cke_CTNIH24,Cyo_KPL2619,40,[37.5 - 42.6%],0.0994,2.73,<span style='color:#8200E7;'>Cna</span> CTNIH24,<span style='color:#0A6003;'><span style='color:#0A6003;'>Cyo</span></span> KPL2619
Cke_CTNIH24,Cyo_MSK136,40.1,[37.6 - 42.6%],0.0992,2.76,<span style='color:#8200E7;'>Cna</span> CTNIH24,<span style='color:#0A6003;'><span style='color:#0A6003;'>Cyo</span></span> MSK136
Cke_CTNIH27,Ccu_c8Ua_181,31.6,[29.2 - 34.1%],0.1336,0.2,<span style='color:#8200E7;'>Cna</span> CTNIH27,"<span style='color:#FF00FF;'>Ccu</span> c8Ua 181<sup style=""vertical-align: super;"">T</sup>"
Cke_CTNIH27,Ccu_CTNIH19,31.6,[29.2 - 34.1%],0.1336,0.2,<span style='color:#8200E7;'>Cna</span> CTNIH27,<span style='color:#FF00FF;'>Ccu</span> CTNIH19
Cke_CTNIH27,Cha_CTNIH20,32.6,[30.2 - 35.1%],0.129,0.29,<span style='color:#8200E7;'>Cna</span> CTNIH27,<span style='color:#0ABF00;'>Cha</span> CTNIH20
Cke_CTNIH27,Cha_CTNIH21,32.6,[30.2 - 35.1%],0.1287,0.29,<span style='color:#8200E7;'>Cna</span> CTNIH27,<span style='color:#0ABF00;'>Cha</span> CTNIH21
Cke_CTNIH27,Cha_CTNIH22,33.1,[30.6 - 35.6%],0.1268,0.34,<span style='color:#8200E7;'>Cna</span> CTNIH27,"<span style='color:#0ABF00;'>Cha</span> CTNIH22<sup style=""vertical-align: super;"">T</sup>"
Cke_CTNIH27,Cha_CTNIH23,32.5,[30.1 - 35%],0.1294,0.28,<span style='color:#8200E7;'>Cna</span> CTNIH27,<span style='color:#0ABF00;'>Cha</span> CTNIH23
Cke_CTNIH27,Cke_CTNIH24,80.1,[77.1 - 82.7%],0.0233,90.64,<span style='color:#8200E7;'>Cna</span> CTNIH27,<span style='color:#8200E7;'>Cna</span> CTNIH24
Cke_CTNIH27,Cke_CTNIH27,100,[100 - NaN%],0,98.3,<span style='color:#8200E7;'>Cna</span> CTNIH27,<span style='color:#8200E7;'>Cna</span> CTNIH27
Cke_CTNIH27,Cke_EYE_437,80.6,[77.7 - 83.3%],0.0226,91.07,<span style='color:#8200E7;'>Cna</span> CTNIH27,<span style='color:#8200E7;'><span style='color:#8200E7;'>Cke</span></span> EYE_437
Cke_CTNIH27,Cke_FDAARGOS_1055,85.3,[82.6 - 87.7%],0.0173,93.88,<span style='color:#8200E7;'>Cna</span> CTNIH27,<span style='color:#8200E7;'>Cke</span> FDAARGOS 1055
Cke_CTNIH27,Cke_LK1134,81.9,[79 - 84.4%],0.0212,91.93,<span style='color:#8200E7;'>Cna</span> CTNIH27,<span style='color:#8200E7;'><span style='color:#8200E7;'>Cke</span></span> LK1134
Cke_CTNIH27,Cke_YSMAA5_1_D11,80.6,[77.7 - 83.2%],0.0226,91.04,<span style='color:#8200E7;'>Cna</span> CTNIH27,<span style='color:#8200E7;'>Cke</span> YSMAA5_1_D11
Cke_CTNIH27,Cmq_c19Ua_121,35.7,[33.3 - 38.2%],0.1152,0.83,<span style='color:#8200E7;'>Cna</span> CTNIH27,"<span style='color:#39D9E5;'>Cmq</span> c19Ua 121<sup style=""vertical-align: super;"">T</sup>"
Cke_CTNIH27,Cmq_KPL4083,36.1,[33.6 - 38.6%],0.1137,0.92,<span style='color:#8200E7;'>Cna</span> CTNIH27,<span style='color:#39D9E5;'>Cmq</span> KPL4083
Cke_CTNIH27,Cmq_MSK144,35.7,[33.3 - 38.2%],0.1152,0.83,<span style='color:#8200E7;'>Cna</span> CTNIH27,<span style='color:#39D9E5;'>Cmq</span> MSK144
Cke_CTNIH27,Cna_KPL2825,85,[82.3 - 87.4%],0.0176,93.75,<span style='color:#8200E7;'>Cna</span> CTNIH27,<span style='color:#8200E7;'>Cna</span> KPL2825
Cke_CTNIH27,Cna_KPL3649,85.6,[82.9 - 87.9%],0.0169,94.03,<span style='color:#8200E7;'>Cna</span> CTNIH27,<span style='color:#8200E7;'>Cna</span> KPL3649
Cke_CTNIH27,Cna_KPL3804,80.7,[77.8 - 83.3%],0.0225,91.13,<span style='color:#8200E7;'>Cna</span> CTNIH27,"<span style='color:#8200E7;'>Cna</span> KPL3804<sup style=""vertical-align: super;"">T</sup>"
Cke_CTNIH27,Cna_KPL4035,78.3,[75.3 - 81%],0.0254,89.14,<span style='color:#8200E7;'>Cna</span> CTNIH27,<span style='color:#8200E7;'>Cna</span> KPL4035
Cke_CTNIH27,Cna_KPL4072,80.6,[77.7 - 83.3%],0.0226,91.07,<span style='color:#8200E7;'>Cna</span> CTNIH27,<span style='color:#8200E7;'>Cna</span> KPL4072
Cke_CTNIH27,Cna_MSK071,85.6,[82.9 - 87.9%],0.0169,94.03,<span style='color:#8200E7;'>Cna</span> CTNIH27,<span style='color:#8200E7;'>Cna</span> MSK071
Cke_CTNIH27,Cna_MSK185,81.6,[78.7 - 84.2%],0.0215,91.74,<span style='color:#8200E7;'>Cna</span> CTNIH27,<span style='color:#8200E7;'>Cna</span> MSK185
Cke_CTNIH27,Cna_MSK194,80.8,[77.9 - 83.4%],0.0224,91.21,<span style='color:#8200E7;'>Cna</span> CTNIH27,<span style='color:#8200E7;'>Cna</span> MSK194
Cke_CTNIH27,Ctu_DSM_44922,35.9,[33.5 - 38.5%],0.1143,0.88,<span style='color:#8200E7;'>Cna</span> CTNIH27,"<span style='color:#002BFF;'>Ctu</span> DSM 44922<sup style=""vertical-align: super;"">T</sup>"
Cke_CTNIH27,Ctu_KPL3807,35.3,[32.8 - 37.8%],0.1171,0.71,<span style='color:#8200E7;'>Cna</span> CTNIH27,<span style='color:#002BFF;'>Ctu</span> KPL3807
Cke_CTNIH27,Ctu_MSK207,35.3,[32.8 - 37.8%],0.1171,0.72,<span style='color:#8200E7;'>Cna</span> CTNIH27,<span style='color:#002BFF;'>Ctu</span> MSK207
Cke_CTNIH27,Ctu_SK141,36.1,[33.6 - 38.6%],0.1137,0.92,<span style='color:#8200E7;'>Cna</span> CTNIH27,<span style='color:#002BFF;'>Ctu</span> SK141
Cke_CTNIH27,Cyo_c21Ua_68,40.4,[37.9 - 43%],0.0981,3.01,<span style='color:#8200E7;'>Cna</span> CTNIH27,"<span style='color:#0A6003;'><span style='color:#0A6003;'>Cyo</span></span> c21Ua 68<sup style=""vertical-align: super;"">T</sup>"
Cke_CTNIH27,Cyo_KPL2619,40.2,[37.7 - 42.8%],0.0987,2.88,<span style='color:#8200E7;'>Cna</span> CTNIH27,<span style='color:#0A6003;'><span style='color:#0A6003;'>Cyo</span></span> KPL2619
Cke_CTNIH27,Cyo_MSK136,40.4,[37.9 - 42.9%],0.0981,3.01,<span style='color:#8200E7;'>Cna</span> CTNIH27,<span style='color:#0A6003;'><span style='color:#0A6003;'>Cyo</span></span> MSK136
Cke_EYE_437,Ccu_c8Ua_181,31.6,[29.2 - 34.1%],0.134,0.2,<span style='color:#8200E7;'><span style='color:#8200E7;'>Cke</span></span> EYE_437,"<span style='color:#FF00FF;'>Ccu</span> c8Ua 181<sup style=""vertical-align: super;"">T</sup>"
Cke_EYE_437,Ccu_CTNIH19,31.7,[29.3 - 34.2%],0.1335,0.2,<span style='color:#8200E7;'><span style='color:#8200E7;'>Cke</span></span> EYE_437,<span style='color:#FF00FF;'>Ccu</span> CTNIH19
Cke_EYE_437,Cha_CTNIH20,32.6,[30.2 - 35.1%],0.1289,0.29,<span style='color:#8200E7;'><span style='color:#8200E7;'>Cke</span></span> EYE_437,<span style='color:#0ABF00;'>Cha</span> CTNIH20
Cke_EYE_437,Cha_CTNIH21,32.7,[30.3 - 35.2%],0.1283,0.3,<span style='color:#8200E7;'><span style='color:#8200E7;'>Cke</span></span> EYE_437,<span style='color:#0ABF00;'>Cha</span> CTNIH21
Cke_EYE_437,Cha_CTNIH22,33,[30.6 - 35.5%],0.1271,0.33,<span style='color:#8200E7;'><span style='color:#8200E7;'>Cke</span></span> EYE_437,"<span style='color:#0ABF00;'>Cha</span> CTNIH22<sup style=""vertical-align: super;"">T</sup>"
Cke_EYE_437,Cha_CTNIH23,32.7,[30.2 - 35.2%],0.1286,0.3,<span style='color:#8200E7;'><span style='color:#8200E7;'>Cke</span></span> EYE_437,<span style='color:#0ABF00;'>Cha</span> CTNIH23
Cke_EYE_437,Cke_CTNIH24,78.5,[75.5 - 81.2%],0.0251,89.35,<span style='color:#8200E7;'><span style='color:#8200E7;'>Cke</span></span> EYE_437,<span style='color:#8200E7;'>Cna</span> CTNIH24
Cke_EYE_437,Cke_CTNIH27,80.6,[77.7 - 83.3%],0.0226,91.07,<span style='color:#8200E7;'><span style='color:#8200E7;'>Cke</span></span> EYE_437,<span style='color:#8200E7;'>Cna</span> CTNIH27
Cke_EYE_437,Cke_EYE_437,100,[100 - NaN%],0,98.3,<span style='color:#8200E7;'><span style='color:#8200E7;'>Cke</span></span> EYE_437,<span style='color:#8200E7;'><span style='color:#8200E7;'>Cke</span></span> EYE_437
Cke_EYE_437,Cke_FDAARGOS_1055,83.9,[81.1 - 86.3%],0.0189,93.13,<span style='color:#8200E7;'><span style='color:#8200E7;'>Cke</span></span> EYE_437,<span style='color:#8200E7;'>Cke</span> FDAARGOS 1055
Cke_EYE_437,Cke_LK1134,84.9,[82.1 - 87.2%],0.0178,93.65,<span style='color:#8200E7;'><span style='color:#8200E7;'>Cke</span></span> EYE_437,<span style='color:#8200E7;'><span style='color:#8200E7;'>Cke</span></span> LK1134
Cke_EYE_437,Cke_YSMAA5_1_D11,81,[78.1 - 83.6%],0.0221,91.35,<span style='color:#8200E7;'><span style='color:#8200E7;'>Cke</span></span> EYE_437,<span style='color:#8200E7;'>Cke</span> YSMAA5_1_D11
Cke_EYE_437,Cmq_c19Ua_121,36.1,[33.6 - 38.6%],0.1138,0.92,<span style='color:#8200E7;'><span style='color:#8200E7;'>Cke</span></span> EYE_437,"<span style='color:#39D9E5;'>Cmq</span> c19Ua 121<sup style=""vertical-align: super;"">T</sup>"
Cke_EYE_437,Cmq_KPL4083,36.6,[34.1 - 39.1%],0.1118,1.07,<span style='color:#8200E7;'><span style='color:#8200E7;'>Cke</span></span> EYE_437,<span style='color:#39D9E5;'>Cmq</span> KPL4083
Cke_EYE_437,Cmq_MSK144,35.9,[33.4 - 38.4%],0.1146,0.86,<span style='color:#8200E7;'><span style='color:#8200E7;'>Cke</span></span> EYE_437,<span style='color:#39D9E5;'>Cmq</span> MSK144
Cke_EYE_437,Cna_KPL2825,83.5,[80.7 - 86%],0.0193,92.91,<span style='color:#8200E7;'><span style='color:#8200E7;'>Cke</span></span> EYE_437,<span style='color:#8200E7;'>Cna</span> KPL2825
Cke_EYE_437,Cna_KPL3649,80.6,[77.7 - 83.3%],0.0226,91.07,<span style='color:#8200E7;'><span style='color:#8200E7;'>Cke</span></span> EYE_437,<span style='color:#8200E7;'>Cna</span> KPL3649
Cke_EYE_437,Cna_KPL3804,80.9,[78 - 83.5%],0.0223,91.23,<span style='color:#8200E7;'><span style='color:#8200E7;'>Cke</span></span> EYE_437,"<span style='color:#8200E7;'>Cna</span> KPL3804<sup style=""vertical-align: super;"">T</sup>"
Cke_EYE_437,Cna_KPL4035,77.2,[74.2 - 80%],0.0267,88.16,<span style='color:#8200E7;'><span style='color:#8200E7;'>Cke</span></span> EYE_437,<span style='color:#8200E7;'>Cna</span> KPL4035
Cke_EYE_437,Cna_KPL4072,80.8,[77.9 - 83.5%],0.0224,91.22,<span style='color:#8200E7;'><span style='color:#8200E7;'>Cke</span></span> EYE_437,<span style='color:#8200E7;'>Cna</span> KPL4072
Cke_EYE_437,Cna_MSK071,80.6,[77.7 - 83.3%],0.0226,91.07,<span style='color:#8200E7;'><span style='color:#8200E7;'>Cke</span></span> EYE_437,<span style='color:#8200E7;'>Cna</span> MSK071
Cke_EYE_437,Cna_MSK185,81.4,[78.5 - 84%],0.0217,91.6,<span style='color:#8200E7;'><span style='color:#8200E7;'>Cke</span></span> EYE_437,<span style='color:#8200E7;'>Cna</span> MSK185
Cke_EYE_437,Cna_MSK194,80.9,[78 - 83.5%],0.0223,91.23,<span style='color:#8200E7;'><span style='color:#8200E7;'>Cke</span></span> EYE_437,<span style='color:#8200E7;'>Cna</span> MSK194
Cke_EYE_437,Ctu_DSM_44922,36.7,[34.2 - 39.2%],0.1115,1.09,<span style='color:#8200E7;'><span style='color:#8200E7;'>Cke</span></span> EYE_437,"<span style='color:#002BFF;'>Ctu</span> DSM 44922<sup style=""vertical-align: super;"">T</sup>"
Cke_EYE_437,Ctu_KPL3807,35.5,[33.1 - 38.1%],0.1159,0.78,<span style='color:#8200E7;'><span style='color:#8200E7;'>Cke</span></span> EYE_437,<span style='color:#002BFF;'>Ctu</span> KPL3807
Cke_EYE_437,Ctu_MSK207,35.7,[33.3 - 38.2%],0.1152,0.83,<span style='color:#8200E7;'><span style='color:#8200E7;'>Cke</span></span> EYE_437,<span style='color:#002BFF;'>Ctu</span> MSK207
Cke_EYE_437,Ctu_SK141,36.6,[34.1 - 39.1%],0.1118,1.07,<span style='color:#8200E7;'><span style='color:#8200E7;'>Cke</span></span> EYE_437,<span style='color:#002BFF;'>Ctu</span> SK141
Cke_EYE_437,Cyo_c21Ua_68,40.3,[37.8 - 42.8%],0.0985,2.9,<span style='color:#8200E7;'><span style='color:#8200E7;'>Cke</span></span> EYE_437,"<span style='color:#0A6003;'><span style='color:#0A6003;'>Cyo</span></span> c21Ua 68<sup style=""vertical-align: super;"">T</sup>"
Cke_EYE_437,Cyo_KPL2619,40.1,[37.6 - 42.6%],0.0991,2.79,<span style='color:#8200E7;'><span style='color:#8200E7;'>Cke</span></span> EYE_437,<span style='color:#0A6003;'><span style='color:#0A6003;'>Cyo</span></span> KPL2619
Cke_EYE_437,Cyo_MSK136,40.3,[37.8 - 42.8%],0.0986,2.9,<span style='color:#8200E7;'><span style='color:#8200E7;'>Cke</span></span> EYE_437,<span style='color:#0A6003;'><span style='color:#0A6003;'>Cyo</span></span> MSK136
Cke_FDAARGOS_1055,Ccu_c8Ua_181,32,[29.6 - 34.5%],0.1316,0.24,<span style='color:#8200E7;'>Cke</span> FDAARGOS 1055,"<span style='color:#FF00FF;'>Ccu</span> c8Ua 181<sup style=""vertical-align: super;"">T</sup>"
Cke_FDAARGOS_1055,Ccu_CTNIH19,31.6,[29.2 - 34.1%],0.1336,0.2,<span style='color:#8200E7;'>Cke</span> FDAARGOS 1055,<span style='color:#FF00FF;'>Ccu</span> CTNIH19
Cke_FDAARGOS_1055,Cha_CTNIH20,32.8,[30.4 - 35.3%],0.1279,0.31,<span style='color:#8200E7;'>Cke</span> FDAARGOS 1055,<span style='color:#0ABF00;'>Cha</span> CTNIH20
Cke_FDAARGOS_1055,Cha_CTNIH21,32.9,[30.5 - 35.4%],0.1273,0.33,<span style='color:#8200E7;'>Cke</span> FDAARGOS 1055,<span style='color:#0ABF00;'>Cha</span> CTNIH21
Cke_FDAARGOS_1055,Cha_CTNIH22,33.2,[30.8 - 35.7%],0.1262,0.36,<span style='color:#8200E7;'>Cke</span> FDAARGOS 1055,"<span style='color:#0ABF00;'>Cha</span> CTNIH22<sup style=""vertical-align: super;"">T</sup>"
Cke_FDAARGOS_1055,Cha_CTNIH23,32.8,[30.4 - 35.3%],0.1281,0.31,<span style='color:#8200E7;'>Cke</span> FDAARGOS 1055,<span style='color:#0ABF00;'>Cha</span> CTNIH23
Cke_FDAARGOS_1055,Cke_CTNIH24,80.1,[77.1 - 82.7%],0.0233,90.65,<span style='color:#8200E7;'>Cke</span> FDAARGOS 1055,<span style='color:#8200E7;'>Cna</span> CTNIH24
Cke_FDAARGOS_1055,Cke_CTNIH27,85.3,[82.6 - 87.7%],0.0173,93.88,<span style='color:#8200E7;'>Cke</span> FDAARGOS 1055,<span style='color:#8200E7;'>Cna</span> CTNIH27
Cke_FDAARGOS_1055,Cke_EYE_437,83.9,[81.1 - 86.3%],0.0189,93.13,<span style='color:#8200E7;'>Cke</span> FDAARGOS 1055,<span style='color:#8200E7;'><span style='color:#8200E7;'>Cke</span></span> EYE_437
Cke_FDAARGOS_1055,Cke_FDAARGOS_1055,100,[100 - NaN%],0,98.3,<span style='color:#8200E7;'>Cke</span> FDAARGOS 1055,<span style='color:#8200E7;'>Cke</span> FDAARGOS 1055
Cke_FDAARGOS_1055,Cke_LK1134,86.4,[83.8 - 88.7%],0.016,94.41,<span style='color:#8200E7;'>Cke</span> FDAARGOS 1055,<span style='color:#8200E7;'><span style='color:#8200E7;'>Cke</span></span> LK1134
Cke_FDAARGOS_1055,Cke_YSMAA5_1_D11,83.3,[80.5 - 85.8%],0.0196,92.8,<span style='color:#8200E7;'>Cke</span> FDAARGOS 1055,<span style='color:#8200E7;'>Cke</span> YSMAA5_1_D11
Cke_FDAARGOS_1055,Cmq_c19Ua_121,35.9,[33.4 - 38.4%],0.1146,0.87,<span style='color:#8200E7;'>Cke</span> FDAARGOS 1055,"<span style='color:#39D9E5;'>Cmq</span> c19Ua 121<sup style=""vertical-align: super;"">T</sup>"
Cke_FDAARGOS_1055,Cmq_KPL4083,36.5,[34 - 39%],0.1121,1.04,<span style='color:#8200E7;'>Cke</span> FDAARGOS 1055,<span style='color:#39D9E5;'>Cmq</span> KPL4083
Cke_FDAARGOS_1055,Cmq_MSK144,35.6,[33.1 - 38.1%],0.1158,0.79,<span style='color:#8200E7;'>Cke</span> FDAARGOS 1055,<span style='color:#39D9E5;'>Cmq</span> MSK144
Cke_FDAARGOS_1055,Cna_KPL2825,88.1,[85.6 - 90.2%],0.0142,95.09,<span style='color:#8200E7;'>Cke</span> FDAARGOS 1055,<span style='color:#8200E7;'>Cna</span> KPL2825
Cke_FDAARGOS_1055,Cna_KPL3649,84.3,[81.5 - 86.7%],0.0184,93.37,<span style='color:#8200E7;'>Cke</span> FDAARGOS 1055,<span style='color:#8200E7;'>Cna</span> KPL3649
Cke_FDAARGOS_1055,Cna_KPL3804,83.2,[80.4 - 85.7%],0.0197,92.73,<span style='color:#8200E7;'>Cke</span> FDAARGOS 1055,"<span style='color:#8200E7;'>Cna</span> KPL3804<sup style=""vertical-align: super;"">T</sup>"
Cke_FDAARGOS_1055,Cna_KPL4035,77.7,[74.7 - 80.4%],0.0262,88.58,<span style='color:#8200E7;'>Cke</span> FDAARGOS 1055,<span style='color:#8200E7;'>Cna</span> KPL4035
Cke_FDAARGOS_1055,Cna_KPL4072,82.1,[79.2 - 84.6%],0.021,92.04,<span style='color:#8200E7;'>Cke</span> FDAARGOS 1055,<span style='color:#8200E7;'>Cna</span> KPL4072
Cke_FDAARGOS_1055,Cna_MSK071,84.3,[81.6 - 86.7%],0.0184,93.38,<span style='color:#8200E7;'>Cke</span> FDAARGOS 1055,<span style='color:#8200E7;'>Cna</span> MSK071
Cke_FDAARGOS_1055,Cna_MSK185,83.6,[80.8 - 86.1%],0.0192,92.98,<span style='color:#8200E7;'>Cke</span> FDAARGOS 1055,<span style='color:#8200E7;'>Cna</span> MSK185
Cke_FDAARGOS_1055,Cna_MSK194,83.2,[80.3 - 85.6%],0.0197,92.73,<span style='color:#8200E7;'>Cke</span> FDAARGOS 1055,<span style='color:#8200E7;'>Cna</span> MSK194
Cke_FDAARGOS_1055,Ctu_DSM_44922,36.3,[33.8 - 38.8%],0.113,0.98,<span style='color:#8200E7;'>Cke</span> FDAARGOS 1055,"<span style='color:#002BFF;'>Ctu</span> DSM 44922<sup style=""vertical-align: super;"">T</sup>"
Cke_FDAARGOS_1055,Ctu_KPL3807,35.3,[32.9 - 37.8%],0.1169,0.72,<span style='color:#8200E7;'>Cke</span> FDAARGOS 1055,<span style='color:#002BFF;'>Ctu</span> KPL3807
Cke_FDAARGOS_1055,Ctu_MSK207,35.5,[33.1 - 38.1%],0.1159,0.78,<span style='color:#8200E7;'>Cke</span> FDAARGOS 1055,<span style='color:#002BFF;'>Ctu</span> MSK207
Cke_FDAARGOS_1055,Ctu_SK141,36.2,[33.8 - 38.8%],0.1131,0.97,<span style='color:#8200E7;'>Cke</span> FDAARGOS 1055,<span style='color:#002BFF;'>Ctu</span> SK141
Cke_FDAARGOS_1055,Cyo_c21Ua_68,40.6,[38.1 - 43.1%],0.0975,3.14,<span style='color:#8200E7;'>Cke</span> FDAARGOS 1055,"<span style='color:#0A6003;'><span style='color:#0A6003;'>Cyo</span></span> c21Ua 68<sup style=""vertical-align: super;"">T</sup>"
Cke_FDAARGOS_1055,Cyo_KPL2619,40.4,[37.9 - 43%],0.098,3.02,<span style='color:#8200E7;'>Cke</span> FDAARGOS 1055,<span style='color:#0A6003;'><span style='color:#0A6003;'>Cyo</span></span> KPL2619
Cke_FDAARGOS_1055,Cyo_MSK136,40.9,[38.4 - 43.4%],0.0966,3.37,<span style='color:#8200E7;'>Cke</span> FDAARGOS 1055,<span style='color:#0A6003;'><span style='color:#0A6003;'>Cyo</span></span> MSK136
Cke_LK1134,Ccu_c8Ua_181,31.6,[29.2 - 34.2%],0.1335,0.2,<span style='color:#8200E7;'><span style='color:#8200E7;'>Cke</span></span> LK1134,"<span style='color:#FF00FF;'>Ccu</span> c8Ua 181<sup style=""vertical-align: super;"">T</sup>"
Cke_LK1134,Ccu_CTNIH19,31.7,[29.3 - 34.2%],0.1333,0.21,<span style='color:#8200E7;'><span style='color:#8200E7;'>Cke</span></span> LK1134,<span style='color:#FF00FF;'>Ccu</span> CTNIH19
Cke_LK1134,Cha_CTNIH20,32.7,[30.3 - 35.2%],0.1284,0.3,<span style='color:#8200E7;'><span style='color:#8200E7;'>Cke</span></span> LK1134,<span style='color:#0ABF00;'>Cha</span> CTNIH20
Cke_LK1134,Cha_CTNIH21,32.7,[30.3 - 35.2%],0.1283,0.3,<span style='color:#8200E7;'><span style='color:#8200E7;'>Cke</span></span> LK1134,<span style='color:#0ABF00;'>Cha</span> CTNIH21
Cke_LK1134,Cha_CTNIH22,33.1,[30.7 - 35.6%],0.1266,0.35,<span style='color:#8200E7;'><span style='color:#8200E7;'>Cke</span></span> LK1134,"<span style='color:#0ABF00;'>Cha</span> CTNIH22<sup style=""vertical-align: super;"">T</sup>"
Cke_LK1134,Cha_CTNIH23,32.6,[30.2 - 35.2%],0.1287,0.29,<span style='color:#8200E7;'><span style='color:#8200E7;'>Cke</span></span> LK1134,<span style='color:#0ABF00;'>Cha</span> CTNIH23
Cke_LK1134,Cke_CTNIH24,77.9,[75 - 80.6%],0.0258,88.84,<span style='color:#8200E7;'><span style='color:#8200E7;'>Cke</span></span> LK1134,<span style='color:#8200E7;'>Cna</span> CTNIH24
Cke_LK1134,Cke_CTNIH27,81.9,[79 - 84.4%],0.0212,91.93,<span style='color:#8200E7;'><span style='color:#8200E7;'>Cke</span></span> LK1134,<span style='color:#8200E7;'>Cna</span> CTNIH27
Cke_LK1134,Cke_EYE_437,84.9,[82.1 - 87.2%],0.0178,93.65,<span style='color:#8200E7;'><span style='color:#8200E7;'>Cke</span></span> LK1134,<span style='color:#8200E7;'><span style='color:#8200E7;'>Cke</span></span> EYE_437
Cke_LK1134,Cke_FDAARGOS_1055,86.4,[83.8 - 88.7%],0.016,94.41,<span style='color:#8200E7;'><span style='color:#8200E7;'>Cke</span></span> LK1134,<span style='color:#8200E7;'>Cke</span> FDAARGOS 1055
Cke_LK1134,Cke_LK1134,100,[100 - NaN%],0,98.3,<span style='color:#8200E7;'><span style='color:#8200E7;'>Cke</span></span> LK1134,<span style='color:#8200E7;'><span style='color:#8200E7;'>Cke</span></span> LK1134
Cke_LK1134,Cke_YSMAA5_1_D11,80.4,[77.5 - 83%],0.0229,90.9,<span style='color:#8200E7;'><span style='color:#8200E7;'>Cke</span></span> LK1134,<span style='color:#8200E7;'>Cke</span> YSMAA5_1_D11
Cke_LK1134,Cmq_c19Ua_121,36,[33.6 - 38.5%],0.114,0.9,<span style='color:#8200E7;'><span style='color:#8200E7;'>Cke</span></span> LK1134,"<span style='color:#39D9E5;'>Cmq</span> c19Ua 121<sup style=""vertical-align: super;"">T</sup>"
Cke_LK1134,Cmq_KPL4083,36.6,[34.1 - 39.1%],0.1119,1.06,<span style='color:#8200E7;'><span style='color:#8200E7;'>Cke</span></span> LK1134,<span style='color:#39D9E5;'>Cmq</span> KPL4083
Cke_LK1134,Cmq_MSK144,36,[33.5 - 38.5%],0.1142,0.89,<span style='color:#8200E7;'><span style='color:#8200E7;'>Cke</span></span> LK1134,<span style='color:#39D9E5;'>Cmq</span> MSK144
Cke_LK1134,Cna_KPL2825,84.9,[82.2 - 87.3%],0.0177,93.67,<span style='color:#8200E7;'><span style='color:#8200E7;'>Cke</span></span> LK1134,<span style='color:#8200E7;'>Cna</span> KPL2825
Cke_LK1134,Cna_KPL3649,81.7,[78.9 - 84.3%],0.0213,91.83,<span style='color:#8200E7;'><span style='color:#8200E7;'>Cke</span></span> LK1134,<span style='color:#8200E7;'>Cna</span> KPL3649
Cke_LK1134,Cna_KPL3804,80.7,[77.8 - 83.3%],0.0225,91.14,<span style='color:#8200E7;'><span style='color:#8200E7;'>Cke</span></span> LK1134,"<span style='color:#8200E7;'>Cna</span> KPL3804<sup style=""vertical-align: super;"">T</sup>"
Cke_LK1134,Cna_KPL4035,76.5,[73.5 - 79.3%],0.0276,87.46,<span style='color:#8200E7;'><span style='color:#8200E7;'>Cke</span></span> LK1134,<span style='color:#8200E7;'>Cna</span> KPL4035
Cke_LK1134,Cna_KPL4072,79.1,[76.2 - 81.8%],0.0244,89.88,<span style='color:#8200E7;'><span style='color:#8200E7;'>Cke</span></span> LK1134,<span style='color:#8200E7;'>Cna</span> KPL4072
Cke_LK1134,Cna_MSK071,81.5,[78.6 - 84.1%],0.0216,91.69,<span style='color:#8200E7;'><span style='color:#8200E7;'>Cke</span></span> LK1134,<span style='color:#8200E7;'>Cna</span> MSK071
Cke_LK1134,Cna_MSK185,83.7,[80.9 - 86.1%],0.0191,93.03,<span style='color:#8200E7;'><span style='color:#8200E7;'>Cke</span></span> LK1134,<span style='color:#8200E7;'>Cna</span> MSK185
Cke_LK1134,Cna_MSK194,80.7,[77.8 - 83.3%],0.0225,91.11,<span style='color:#8200E7;'><span style='color:#8200E7;'>Cke</span></span> LK1134,<span style='color:#8200E7;'>Cna</span> MSK194
Cke_LK1134,Ctu_DSM_44922,36.4,[33.9 - 38.9%],0.1126,1.01,<span style='color:#8200E7;'><span style='color:#8200E7;'>Cke</span></span> LK1134,"<span style='color:#002BFF;'>Ctu</span> DSM 44922<sup style=""vertical-align: super;"">T</sup>"
Cke_LK1134,Ctu_KPL3807,35.4,[33 - 38%],0.1164,0.76,<span style='color:#8200E7;'><span style='color:#8200E7;'>Cke</span></span> LK1134,<span style='color:#002BFF;'>Ctu</span> KPL3807
Cke_LK1134,Ctu_MSK207,35.8,[33.3 - 38.3%],0.115,0.84,<span style='color:#8200E7;'><span style='color:#8200E7;'>Cke</span></span> LK1134,<span style='color:#002BFF;'>Ctu</span> MSK207
Cke_LK1134,Ctu_SK141,36.4,[34 - 38.9%],0.1125,1.01,<span style='color:#8200E7;'><span style='color:#8200E7;'>Cke</span></span> LK1134,<span style='color:#002BFF;'>Ctu</span> SK141
Cke_LK1134,Cyo_c21Ua_68,40.1,[37.6 - 42.6%],0.0992,2.77,<span style='color:#8200E7;'><span style='color:#8200E7;'>Cke</span></span> LK1134,"<span style='color:#0A6003;'><span style='color:#0A6003;'>Cyo</span></span> c21Ua 68<sup style=""vertical-align: super;"">T</sup>"
Cke_LK1134,Cyo_KPL2619,40,[37.5 - 42.5%],0.0996,2.69,<span style='color:#8200E7;'><span style='color:#8200E7;'>Cke</span></span> LK1134,<span style='color:#0A6003;'><span style='color:#0A6003;'>Cyo</span></span> KPL2619
Cke_LK1134,Cyo_MSK136,40,[37.5 - 42.6%],0.0993,2.73,<span style='color:#8200E7;'><span style='color:#8200E7;'>Cke</span></span> LK1134,<span style='color:#0A6003;'><span style='color:#0A6003;'>Cyo</span></span> MSK136
Cmq_c19Ua_121,Ccu_c8Ua_181,34.6,[32.2 - 37.1%],0.1198,0.58,"<span style='color:#39D9E5;'>Cmq</span> c19Ua 121<sup style=""vertical-align: super;"">T</sup>","<span style='color:#FF00FF;'>Ccu</span> c8Ua 181<sup style=""vertical-align: super;"">T</sup>"
Cmq_c19Ua_121,Ccu_CTNIH19,34.4,[32 - 37%],0.1205,0.55,"<span style='color:#39D9E5;'>Cmq</span> c19Ua 121<sup style=""vertical-align: super;"">T</sup>",<span style='color:#FF00FF;'>Ccu</span> CTNIH19
Cmq_c19Ua_121,Cha_CTNIH20,37.7,[35.3 - 40.3%],0.1074,1.49,"<span style='color:#39D9E5;'>Cmq</span> c19Ua 121<sup style=""vertical-align: super;"">T</sup>",<span style='color:#0ABF00;'>Cha</span> CTNIH20
Cmq_c19Ua_121,Cha_CTNIH21,38,[35.6 - 40.6%],0.1063,1.63,"<span style='color:#39D9E5;'>Cmq</span> c19Ua 121<sup style=""vertical-align: super;"">T</sup>",<span style='color:#0ABF00;'>Cha</span> CTNIH21
Cmq_c19Ua_121,Cha_CTNIH22,37.8,[35.3 - 40.3%],0.1071,1.52,"<span style='color:#39D9E5;'>Cmq</span> c19Ua 121<sup style=""vertical-align: super;"">T</sup>","<span style='color:#0ABF00;'>Cha</span> CTNIH22<sup style=""vertical-align: super;"">T</sup>"
Cmq_c19Ua_121,Cha_CTNIH23,38.6,[36.1 - 41.1%],0.1043,1.89,"<span style='color:#39D9E5;'>Cmq</span> c19Ua 121<sup style=""vertical-align: super;"">T</sup>",<span style='color:#0ABF00;'>Cha</span> CTNIH23
Cmq_c19Ua_121,Cke_CTNIH24,35.7,[33.2 - 38.2%],0.1154,0.81,"<span style='color:#39D9E5;'>Cmq</span> c19Ua 121<sup style=""vertical-align: super;"">T</sup>",<span style='color:#8200E7;'>Cna</span> CTNIH24
Cmq_c19Ua_121,Cke_CTNIH27,35.7,[33.3 - 38.2%],0.1152,0.83,"<span style='color:#39D9E5;'>Cmq</span> c19Ua 121<sup style=""vertical-align: super;"">T</sup>",<span style='color:#8200E7;'>Cna</span> CTNIH27
Cmq_c19Ua_121,Cke_EYE_437,36.1,[33.6 - 38.6%],0.1138,0.92,"<span style='color:#39D9E5;'>Cmq</span> c19Ua 121<sup style=""vertical-align: super;"">T</sup>",<span style='color:#8200E7;'><span style='color:#8200E7;'>Cke</span></span> EYE_437
Cmq_c19Ua_121,Cke_FDAARGOS_1055,35.9,[33.4 - 38.4%],0.1146,0.87,"<span style='color:#39D9E5;'>Cmq</span> c19Ua 121<sup style=""vertical-align: super;"">T</sup>",<span style='color:#8200E7;'>Cke</span> FDAARGOS 1055
Cmq_c19Ua_121,Cke_LK1134,36,[33.6 - 38.5%],0.114,0.9,"<span style='color:#39D9E5;'>Cmq</span> c19Ua 121<sup style=""vertical-align: super;"">T</sup>",<span style='color:#8200E7;'><span style='color:#8200E7;'>Cke</span></span> LK1134
Cmq_c19Ua_121,Cke_YSMAA5_1_D11,35.7,[33.3 - 38.2%],0.1152,0.83,"<span style='color:#39D9E5;'>Cmq</span> c19Ua 121<sup style=""vertical-align: super;"">T</sup>",<span style='color:#8200E7;'>Cke</span> YSMAA5_1_D11
Cmq_c19Ua_121,Cmq_c19Ua_121,100,[100 - NaN%],0,98.3,"<span style='color:#39D9E5;'>Cmq</span> c19Ua 121<sup style=""vertical-align: super;"">T</sup>","<span style='color:#39D9E5;'>Cmq</span> c19Ua 121<sup style=""vertical-align: super;"">T</sup>"
Cmq_c19Ua_121,Cmq_KPL4083,68.5,[65.5 - 71.3%],0.0383,75.38,"<span style='color:#39D9E5;'>Cmq</span> c19Ua 121<sup style=""vertical-align: super;"">T</sup>",<span style='color:#39D9E5;'>Cmq</span> KPL4083
Cmq_c19Ua_121,Cmq_MSK144,72.6,[69.6 - 75.5%],0.0325,82.63,"<span style='color:#39D9E5;'>Cmq</span> c19Ua 121<sup style=""vertical-align: super;"">T</sup>",<span style='color:#39D9E5;'>Cmq</span> MSK144
Cmq_c19Ua_121,Cna_KPL2825,35.8,[33.4 - 38.3%],0.1149,0.84,"<span style='color:#39D9E5;'>Cmq</span> c19Ua 121<sup style=""vertical-align: super;"">T</sup>",<span style='color:#8200E7;'>Cna</span> KPL2825
Cmq_c19Ua_121,Cna_KPL3649,35.7,[33.3 - 38.2%],0.1153,0.82,"<span style='color:#39D9E5;'>Cmq</span> c19Ua 121<sup style=""vertical-align: super;"">T</sup>",<span style='color:#8200E7;'>Cna</span> KPL3649
Cmq_c19Ua_121,Cna_KPL3804,35.7,[33.3 - 38.2%],0.1153,0.82,"<span style='color:#39D9E5;'>Cmq</span> c19Ua 121<sup style=""vertical-align: super;"">T</sup>","<span style='color:#8200E7;'>Cna</span> KPL3804<sup style=""vertical-align: super;"">T</sup>"
Cmq_c19Ua_121,Cna_KPL4035,36,[33.6 - 38.6%],0.1139,0.91,"<span style='color:#39D9E5;'>Cmq</span> c19Ua 121<sup style=""vertical-align: super;"">T</sup>",<span style='color:#8200E7;'>Cna</span> KPL4035
Cmq_c19Ua_121,Cna_KPL4072,35.6,[33.2 - 38.1%],0.1157,0.79,"<span style='color:#39D9E5;'>Cmq</span> c19Ua 121<sup style=""vertical-align: super;"">T</sup>",<span style='color:#8200E7;'>Cna</span> KPL4072
Cmq_c19Ua_121,Cna_MSK071,35.7,[33.2 - 38.2%],0.1154,0.81,"<span style='color:#39D9E5;'>Cmq</span> c19Ua 121<sup style=""vertical-align: super;"">T</sup>",<span style='color:#8200E7;'>Cna</span> MSK071
Cmq_c19Ua_121,Cna_MSK185,35.9,[33.5 - 38.4%],0.1145,0.87,"<span style='color:#39D9E5;'>Cmq</span> c19Ua 121<sup style=""vertical-align: super;"">T</sup>",<span style='color:#8200E7;'>Cna</span> MSK185
Cmq_c19Ua_121,Cna_MSK194,35.7,[33.2 - 38.2%],0.1154,0.81,"<span style='color:#39D9E5;'>Cmq</span> c19Ua 121<sup style=""vertical-align: super;"">T</sup>",<span style='color:#8200E7;'>Cna</span> MSK194
Cmq_c19Ua_121,Ctu_DSM_44922,55.6,[52.8 - 58.3%],0.0598,36.95,"<span style='color:#39D9E5;'>Cmq</span> c19Ua 121<sup style=""vertical-align: super;"">T</sup>","<span style='color:#002BFF;'>Ctu</span> DSM 44922<sup style=""vertical-align: super;"">T</sup>"
Cmq_c19Ua_121,Ctu_KPL3807,55.4,[52.7 - 58.2%],0.06,36.54,"<span style='color:#39D9E5;'>Cmq</span> c19Ua 121<sup style=""vertical-align: super;"">T</sup>",<span style='color:#002BFF;'>Ctu</span> KPL3807
Cmq_c19Ua_121,Ctu_MSK207,55.8,[53 - 58.5%],0.0594,37.71,"<span style='color:#39D9E5;'>Cmq</span> c19Ua 121<sup style=""vertical-align: super;"">T</sup>",<span style='color:#002BFF;'>Ctu</span> MSK207
Cmq_c19Ua_121,Ctu_SK141,55.3,[52.5 - 58%],0.0603,35.97,"<span style='color:#39D9E5;'>Cmq</span> c19Ua 121<sup style=""vertical-align: super;"">T</sup>",<span style='color:#002BFF;'>Ctu</span> SK141
Cmq_c19Ua_121,Cyo_c21Ua_68,35.9,[33.4 - 38.4%],0.1145,0.87,"<span style='color:#39D9E5;'>Cmq</span> c19Ua 121<sup style=""vertical-align: super;"">T</sup>","<span style='color:#0A6003;'><span style='color:#0A6003;'>Cyo</span></span> c21Ua 68<sup style=""vertical-align: super;"">T</sup>"
Cmq_c19Ua_121,Cyo_KPL2619,36,[33.6 - 38.5%],0.114,0.91,"<span style='color:#39D9E5;'>Cmq</span> c19Ua 121<sup style=""vertical-align: super;"">T</sup>",<span style='color:#0A6003;'><span style='color:#0A6003;'>Cyo</span></span> KPL2619
Cmq_c19Ua_121,Cyo_MSK136,35.9,[33.5 - 38.4%],0.1144,0.88,"<span style='color:#39D9E5;'>Cmq</span> c19Ua 121<sup style=""vertical-align: super;"">T</sup>",<span style='color:#0A6003;'><span style='color:#0A6003;'>Cyo</span></span> MSK136
Cmq_KPL4083,Ccu_c8Ua_181,34.4,[31.9 - 36.9%],0.1209,0.53,<span style='color:#39D9E5;'>Cmq</span> KPL4083,"<span style='color:#FF00FF;'>Ccu</span> c8Ua 181<sup style=""vertical-align: super;"">T</sup>"
Cmq_KPL4083,Ccu_CTNIH19,34.4,[32 - 36.9%],0.1208,0.54,<span style='color:#39D9E5;'>Cmq</span> KPL4083,<span style='color:#FF00FF;'>Ccu</span> CTNIH19
Cmq_KPL4083,Cha_CTNIH20,38.1,[35.6 - 40.6%],0.1061,1.64,<span style='color:#39D9E5;'>Cmq</span> KPL4083,<span style='color:#0ABF00;'>Cha</span> CTNIH20
Cmq_KPL4083,Cha_CTNIH21,38.3,[35.8 - 40.8%],0.1055,1.72,<span style='color:#39D9E5;'>Cmq</span> KPL4083,<span style='color:#0ABF00;'>Cha</span> CTNIH21
Cmq_KPL4083,Cha_CTNIH22,38.3,[35.8 - 40.8%],0.1054,1.73,<span style='color:#39D9E5;'>Cmq</span> KPL4083,"<span style='color:#0ABF00;'>Cha</span> CTNIH22<sup style=""vertical-align: super;"">T</sup>"
Cmq_KPL4083,Cha_CTNIH23,38.6,[36.1 - 41.1%],0.1044,1.87,<span style='color:#39D9E5;'>Cmq</span> KPL4083,<span style='color:#0ABF00;'>Cha</span> CTNIH23
Cmq_KPL4083,Cke_CTNIH24,36.1,[33.7 - 38.7%],0.1135,0.94,<span style='color:#39D9E5;'>Cmq</span> KPL4083,<span style='color:#8200E7;'>Cna</span> CTNIH24
Cmq_KPL4083,Cke_CTNIH27,36.1,[33.6 - 38.6%],0.1137,0.92,<span style='color:#39D9E5;'>Cmq</span> KPL4083,<span style='color:#8200E7;'>Cna</span> CTNIH27
Cmq_KPL4083,Cke_EYE_437,36.6,[34.1 - 39.1%],0.1118,1.07,<span style='color:#39D9E5;'>Cmq</span> KPL4083,<span style='color:#8200E7;'><span style='color:#8200E7;'>Cke</span></span> EYE_437
Cmq_KPL4083,Cke_FDAARGOS_1055,36.5,[34 - 39%],0.1121,1.04,<span style='color:#39D9E5;'>Cmq</span> KPL4083,<span style='color:#8200E7;'>Cke</span> FDAARGOS 1055
Cmq_KPL4083,Cke_LK1134,36.6,[34.1 - 39.1%],0.1119,1.06,<span style='color:#39D9E5;'>Cmq</span> KPL4083,<span style='color:#8200E7;'><span style='color:#8200E7;'>Cke</span></span> LK1134
Cmq_KPL4083,Cke_YSMAA5_1_D11,36.4,[33.9 - 38.9%],0.1126,1.01,<span style='color:#39D9E5;'>Cmq</span> KPL4083,<span style='color:#8200E7;'>Cke</span> YSMAA5_1_D11
Cmq_KPL4083,Cmq_c19Ua_121,68.5,[65.5 - 71.3%],0.0383,75.38,<span style='color:#39D9E5;'>Cmq</span> KPL4083,"<span style='color:#39D9E5;'>Cmq</span> c19Ua 121<sup style=""vertical-align: super;"">T</sup>"
Cmq_KPL4083,Cmq_KPL4083,100,[100 - NaN%],0,98.3,<span style='color:#39D9E5;'>Cmq</span> KPL4083,<span style='color:#39D9E5;'>Cmq</span> KPL4083
Cmq_KPL4083,Cmq_MSK144,71.7,[68.7 - 74.5%],0.0338,81.15,<span style='color:#39D9E5;'>Cmq</span> KPL4083,<span style='color:#39D9E5;'>Cmq</span> MSK144
Cmq_KPL4083,Cna_KPL2825,36.3,[33.9 - 38.9%],0.1127,1,<span style='color:#39D9E5;'>Cmq</span> KPL4083,<span style='color:#8200E7;'>Cna</span> KPL2825
Cmq_KPL4083,Cna_KPL3649,36.5,[34.1 - 39%],0.1121,1.04,<span style='color:#39D9E5;'>Cmq</span> KPL4083,<span style='color:#8200E7;'>Cna</span> KPL3649
Cmq_KPL4083,Cna_KPL3804,36.3,[33.9 - 38.9%],0.1127,0.99,<span style='color:#39D9E5;'>Cmq</span> KPL4083,"<span style='color:#8200E7;'>Cna</span> KPL3804<sup style=""vertical-align: super;"">T</sup>"
Cmq_KPL4083,Cna_KPL4035,36.6,[34.1 - 39.1%],0.1117,1.07,<span style='color:#39D9E5;'>Cmq</span> KPL4083,<span style='color:#8200E7;'>Cna</span> KPL4035
Cmq_KPL4083,Cna_KPL4072,36.3,[33.8 - 38.8%],0.113,0.98,<span style='color:#39D9E5;'>Cmq</span> KPL4083,<span style='color:#8200E7;'>Cna</span> KPL4072
Cmq_KPL4083,Cna_MSK071,36.5,[34 - 39%],0.1121,1.04,<span style='color:#39D9E5;'>Cmq</span> KPL4083,<span style='color:#8200E7;'>Cna</span> MSK071
Cmq_KPL4083,Cna_MSK185,36.6,[34.1 - 39.1%],0.1118,1.07,<span style='color:#39D9E5;'>Cmq</span> KPL4083,<span style='color:#8200E7;'>Cna</span> MSK185
Cmq_KPL4083,Cna_MSK194,36.3,[33.8 - 38.8%],0.113,0.98,<span style='color:#39D9E5;'>Cmq</span> KPL4083,<span style='color:#8200E7;'>Cna</span> MSK194
Cmq_KPL4083,Ctu_DSM_44922,53.7,[51 - 56.4%],0.0634,30.69,<span style='color:#39D9E5;'>Cmq</span> KPL4083,"<span style='color:#002BFF;'>Ctu</span> DSM 44922<sup style=""vertical-align: super;"">T</sup>"
Cmq_KPL4083,Ctu_KPL3807,53.1,[50.4 - 55.8%],0.0648,28.54,<span style='color:#39D9E5;'>Cmq</span> KPL4083,<span style='color:#002BFF;'>Ctu</span> KPL3807
Cmq_KPL4083,Ctu_MSK207,53.1,[50.4 - 55.8%],0.0647,28.64,<span style='color:#39D9E5;'>Cmq</span> KPL4083,<span style='color:#002BFF;'>Ctu</span> MSK207
Cmq_KPL4083,Ctu_SK141,53.1,[50.4 - 55.8%],0.0647,28.64,<span style='color:#39D9E5;'>Cmq</span> KPL4083,<span style='color:#002BFF;'>Ctu</span> SK141
Cmq_KPL4083,Cyo_c21Ua_68,35.8,[33.4 - 38.3%],0.1148,0.85,<span style='color:#39D9E5;'>Cmq</span> KPL4083,"<span style='color:#0A6003;'><span style='color:#0A6003;'>Cyo</span></span> c21Ua 68<sup style=""vertical-align: super;"">T</sup>"
Cmq_KPL4083,Cyo_KPL2619,36,[33.6 - 38.5%],0.114,0.9,<span style='color:#39D9E5;'>Cmq</span> KPL4083,<span style='color:#0A6003;'><span style='color:#0A6003;'>Cyo</span></span> KPL2619
Cmq_KPL4083,Cyo_MSK136,35.8,[33.4 - 38.4%],0.1147,0.86,<span style='color:#39D9E5;'>Cmq</span> KPL4083,<span style='color:#0A6003;'><span style='color:#0A6003;'>Cyo</span></span> MSK136
Cmq_MSK144,Ccu_c8Ua_181,34.7,[32.2 - 37.2%],0.1195,0.59,<span style='color:#39D9E5;'>Cmq</span> MSK144,"<span style='color:#FF00FF;'>Ccu</span> c8Ua 181<sup style=""vertical-align: super;"">T</sup>"
Cmq_MSK144,Ccu_CTNIH19,34.7,[32.2 - 37.2%],0.1196,0.59,<span style='color:#39D9E5;'>Cmq</span> MSK144,<span style='color:#FF00FF;'>Ccu</span> CTNIH19
Cmq_MSK144,Cha_CTNIH20,38,[35.6 - 40.5%],0.1064,1.61,<span style='color:#39D9E5;'>Cmq</span> MSK144,<span style='color:#0ABF00;'>Cha</span> CTNIH20
Cmq_MSK144,Cha_CTNIH21,38.4,[35.9 - 40.9%],0.1049,1.8,<span style='color:#39D9E5;'>Cmq</span> MSK144,<span style='color:#0ABF00;'>Cha</span> CTNIH21
Cmq_MSK144,Cha_CTNIH22,37.9,[35.5 - 40.5%],0.1067,1.58,<span style='color:#39D9E5;'>Cmq</span> MSK144,"<span style='color:#0ABF00;'>Cha</span> CTNIH22<sup style=""vertical-align: super;"">T</sup>"
Cmq_MSK144,Cha_CTNIH23,38.7,[36.3 - 41.3%],0.1038,1.95,<span style='color:#39D9E5;'>Cmq</span> MSK144,<span style='color:#0ABF00;'>Cha</span> CTNIH23
Cmq_MSK144,Cke_CTNIH24,35.7,[33.2 - 38.2%],0.1155,0.81,<span style='color:#39D9E5;'>Cmq</span> MSK144,<span style='color:#8200E7;'>Cna</span> CTNIH24
Cmq_MSK144,Cke_CTNIH27,35.7,[33.3 - 38.2%],0.1152,0.83,<span style='color:#39D9E5;'>Cmq</span> MSK144,<span style='color:#8200E7;'>Cna</span> CTNIH27
Cmq_MSK144,Cke_EYE_437,35.9,[33.4 - 38.4%],0.1146,0.86,<span style='color:#39D9E5;'>Cmq</span> MSK144,<span style='color:#8200E7;'><span style='color:#8200E7;'>Cke</span></span> EYE_437
Cmq_MSK144,Cke_FDAARGOS_1055,35.6,[33.1 - 38.1%],0.1158,0.79,<span style='color:#39D9E5;'>Cmq</span> MSK144,<span style='color:#8200E7;'>Cke</span> FDAARGOS 1055
Cmq_MSK144,Cke_LK1134,36,[33.5 - 38.5%],0.1142,0.89,<span style='color:#39D9E5;'>Cmq</span> MSK144,<span style='color:#8200E7;'><span style='color:#8200E7;'>Cke</span></span> LK1134
Cmq_MSK144,Cke_YSMAA5_1_D11,35.7,[33.3 - 38.2%],0.1153,0.82,<span style='color:#39D9E5;'>Cmq</span> MSK144,<span style='color:#8200E7;'>Cke</span> YSMAA5_1_D11
Cmq_MSK144,Cmq_c19Ua_121,72.6,[69.6 - 75.5%],0.0325,82.63,<span style='color:#39D9E5;'>Cmq</span> MSK144,"<span style='color:#39D9E5;'>Cmq</span> c19Ua 121<sup style=""vertical-align: super;"">T</sup>"
Cmq_MSK144,Cmq_KPL4083,71.7,[68.7 - 74.5%],0.0338,81.15,<span style='color:#39D9E5;'>Cmq</span> MSK144,<span style='color:#39D9E5;'>Cmq</span> KPL4083
Cmq_MSK144,Cmq_MSK144,100,[100 - NaN%],0,98.3,<span style='color:#39D9E5;'>Cmq</span> MSK144,<span style='color:#39D9E5;'>Cmq</span> MSK144
Cmq_MSK144,Cna_KPL2825,35.6,[33.2 - 38.1%],0.1157,0.8,<span style='color:#39D9E5;'>Cmq</span> MSK144,<span style='color:#8200E7;'>Cna</span> KPL2825
Cmq_MSK144,Cna_KPL3649,35.8,[33.3 - 38.3%],0.115,0.84,<span style='color:#39D9E5;'>Cmq</span> MSK144,<span style='color:#8200E7;'>Cna</span> KPL3649
Cmq_MSK144,Cna_KPL3804,35.6,[33.2 - 38.1%],0.1157,0.79,<span style='color:#39D9E5;'>Cmq</span> MSK144,"<span style='color:#8200E7;'>Cna</span> KPL3804<sup style=""vertical-align: super;"">T</sup>"
Cmq_MSK144,Cna_KPL4035,35.8,[33.4 - 38.4%],0.1147,0.86,<span style='color:#39D9E5;'>Cmq</span> MSK144,<span style='color:#8200E7;'>Cna</span> KPL4035
Cmq_MSK144,Cna_KPL4072,35.5,[33 - 38%],0.1162,0.77,<span style='color:#39D9E5;'>Cmq</span> MSK144,<span style='color:#8200E7;'>Cna</span> KPL4072
Cmq_MSK144,Cna_MSK071,35.8,[33.3 - 38.3%],0.115,0.84,<span style='color:#39D9E5;'>Cmq</span> MSK144,<span style='color:#8200E7;'>Cna</span> MSK071
Cmq_MSK144,Cna_MSK185,35.8,[33.4 - 38.3%],0.1148,0.85,<span style='color:#39D9E5;'>Cmq</span> MSK144,<span style='color:#8200E7;'>Cna</span> MSK185
Cmq_MSK144,Cna_MSK194,35.6,[33.1 - 38.1%],0.1158,0.79,<span style='color:#39D9E5;'>Cmq</span> MSK144,<span style='color:#8200E7;'>Cna</span> MSK194
Cmq_MSK144,Ctu_DSM_44922,55.1,[52.4 - 57.9%],0.0606,35.49,<span style='color:#39D9E5;'>Cmq</span> MSK144,"<span style='color:#002BFF;'>Ctu</span> DSM 44922<sup style=""vertical-align: super;"">T</sup>"
Cmq_MSK144,Ctu_KPL3807,54.5,[51.8 - 57.2%],0.0619,33.34,<span style='color:#39D9E5;'>Cmq</span> MSK144,<span style='color:#002BFF;'>Ctu</span> KPL3807
Cmq_MSK144,Ctu_MSK207,54.8,[52 - 57.4%],0.0614,34.11,<span style='color:#39D9E5;'>Cmq</span> MSK144,<span style='color:#002BFF;'>Ctu</span> MSK207
Cmq_MSK144,Ctu_SK141,53.9,[51.2 - 56.6%],0.063,31.36,<span style='color:#39D9E5;'>Cmq</span> MSK144,<span style='color:#002BFF;'>Ctu</span> SK141
Cmq_MSK144,Cyo_c21Ua_68,36.1,[33.7 - 38.6%],0.1136,0.93,<span style='color:#39D9E5;'>Cmq</span> MSK144,"<span style='color:#0A6003;'><span style='color:#0A6003;'>Cyo</span></span> c21Ua 68<sup style=""vertical-align: super;"">T</sup>"
Cmq_MSK144,Cyo_KPL2619,36.2,[33.7 - 38.7%],0.1135,0.94,<span style='color:#39D9E5;'>Cmq</span> MSK144,<span style='color:#0A6003;'><span style='color:#0A6003;'>Cyo</span></span> KPL2619
Cmq_MSK144,Cyo_MSK136,36,[33.6 - 38.6%],0.1139,0.91,<span style='color:#39D9E5;'>Cmq</span> MSK144,<span style='color:#0A6003;'><span style='color:#0A6003;'>Cyo</span></span> MSK136
Cna_KPL2825,Ccu_c8Ua_181,31.5,[29.1 - 34%],0.1343,0.19,<span style='color:#8200E7;'>Cna</span> KPL2825,"<span style='color:#FF00FF;'>Ccu</span> c8Ua 181<sup style=""vertical-align: super;"">T</sup>"
Cna_KPL2825,Ccu_CTNIH19,31.4,[29 - 33.9%],0.1346,0.19,<span style='color:#8200E7;'>Cna</span> KPL2825,<span style='color:#FF00FF;'>Ccu</span> CTNIH19
Cna_KPL2825,Cha_CTNIH20,32.6,[30.2 - 35.1%],0.129,0.29,<span style='color:#8200E7;'>Cna</span> KPL2825,<span style='color:#0ABF00;'>Cha</span> CTNIH20
Cna_KPL2825,Cha_CTNIH21,32.7,[30.3 - 35.2%],0.1284,0.3,<span style='color:#8200E7;'>Cna</span> KPL2825,<span style='color:#0ABF00;'>Cha</span> CTNIH21
Cna_KPL2825,Cha_CTNIH22,33.2,[30.8 - 35.7%],0.126,0.36,<span style='color:#8200E7;'>Cna</span> KPL2825,"<span style='color:#0ABF00;'>Cha</span> CTNIH22<sup style=""vertical-align: super;"">T</sup>"
Cna_KPL2825,Cha_CTNIH23,32.6,[30.2 - 35.1%],0.1289,0.29,<span style='color:#8200E7;'>Cna</span> KPL2825,<span style='color:#0ABF00;'>Cha</span> CTNIH23
Cna_KPL2825,Cke_CTNIH24,80,[77.1 - 82.7%],0.0233,90.6,<span style='color:#8200E7;'>Cna</span> KPL2825,<span style='color:#8200E7;'>Cna</span> CTNIH24
Cna_KPL2825,Cke_CTNIH27,85,[82.3 - 87.4%],0.0176,93.75,<span style='color:#8200E7;'>Cna</span> KPL2825,<span style='color:#8200E7;'>Cna</span> CTNIH27
Cna_KPL2825,Cke_EYE_437,83.5,[80.7 - 86%],0.0193,92.91,<span style='color:#8200E7;'>Cna</span> KPL2825,<span style='color:#8200E7;'><span style='color:#8200E7;'>Cke</span></span> EYE_437
Cna_KPL2825,Cke_FDAARGOS_1055,88.1,[85.6 - 90.2%],0.0142,95.09,<span style='color:#8200E7;'>Cna</span> KPL2825,<span style='color:#8200E7;'>Cke</span> FDAARGOS 1055
Cna_KPL2825,Cke_LK1134,84.9,[82.2 - 87.3%],0.0177,93.67,<span style='color:#8200E7;'>Cna</span> KPL2825,<span style='color:#8200E7;'><span style='color:#8200E7;'>Cke</span></span> LK1134
Cna_KPL2825,Cke_YSMAA5_1_D11,84,[81.2 - 86.4%],0.0188,93.19,<span style='color:#8200E7;'>Cna</span> KPL2825,<span style='color:#8200E7;'>Cke</span> YSMAA5_1_D11
Cna_KPL2825,Cmq_c19Ua_121,35.8,[33.4 - 38.3%],0.1149,0.84,<span style='color:#8200E7;'>Cna</span> KPL2825,"<span style='color:#39D9E5;'>Cmq</span> c19Ua 121<sup style=""vertical-align: super;"">T</sup>"
Cna_KPL2825,Cmq_KPL4083,36.3,[33.9 - 38.9%],0.1127,1,<span style='color:#8200E7;'>Cna</span> KPL2825,<span style='color:#39D9E5;'>Cmq</span> KPL4083
Cna_KPL2825,Cmq_MSK144,35.6,[33.2 - 38.1%],0.1157,0.8,<span style='color:#8200E7;'>Cna</span> KPL2825,<span style='color:#39D9E5;'>Cmq</span> MSK144
Cna_KPL2825,Cna_KPL2825,100,[100 - NaN%],0,98.3,<span style='color:#8200E7;'>Cna</span> KPL2825,<span style='color:#8200E7;'>Cna</span> KPL2825
Cna_KPL2825,Cna_KPL3649,84.5,[81.8 - 86.9%],0.0182,93.47,<span style='color:#8200E7;'>Cna</span> KPL2825,<span style='color:#8200E7;'>Cna</span> KPL3649
Cna_KPL2825,Cna_KPL3804,83.8,[81 - 86.2%],0.019,93.08,<span style='color:#8200E7;'>Cna</span> KPL2825,"<span style='color:#8200E7;'>Cna</span> KPL3804<sup style=""vertical-align: super;"">T</sup>"
Cna_KPL2825,Cna_KPL4035,77.6,[74.6 - 80.3%],0.0263,88.5,<span style='color:#8200E7;'>Cna</span> KPL2825,<span style='color:#8200E7;'>Cna</span> KPL4035
Cna_KPL2825,Cna_KPL4072,82.4,[79.5 - 84.9%],0.0206,92.25,<span style='color:#8200E7;'>Cna</span> KPL2825,<span style='color:#8200E7;'>Cna</span> KPL4072
Cna_KPL2825,Cna_MSK071,84.5,[81.7 - 86.9%],0.0182,93.45,<span style='color:#8200E7;'>Cna</span> KPL2825,<span style='color:#8200E7;'>Cna</span> MSK071
Cna_KPL2825,Cna_MSK185,83.1,[80.3 - 85.6%],0.0198,92.68,<span style='color:#8200E7;'>Cna</span> KPL2825,<span style='color:#8200E7;'>Cna</span> MSK185
Cna_KPL2825,Cna_MSK194,83.7,[80.9 - 86.2%],0.0191,93.05,<span style='color:#8200E7;'>Cna</span> KPL2825,<span style='color:#8200E7;'>Cna</span> MSK194
Cna_KPL2825,Ctu_DSM_44922,36.1,[33.6 - 38.6%],0.1138,0.92,<span style='color:#8200E7;'>Cna</span> KPL2825,"<span style='color:#002BFF;'>Ctu</span> DSM 44922<sup style=""vertical-align: super;"">T</sup>"
Cna_KPL2825,Ctu_KPL3807,35.1,[32.7 - 37.7%],0.1176,0.69,<span style='color:#8200E7;'>Cna</span> KPL2825,<span style='color:#002BFF;'>Ctu</span> KPL3807
Cna_KPL2825,Ctu_MSK207,35.2,[32.7 - 37.7%],0.1174,0.7,<span style='color:#8200E7;'>Cna</span> KPL2825,<span style='color:#002BFF;'>Ctu</span> MSK207
Cna_KPL2825,Ctu_SK141,36,[33.6 - 38.5%],0.114,0.9,<span style='color:#8200E7;'>Cna</span> KPL2825,<span style='color:#002BFF;'>Ctu</span> SK141
Cna_KPL2825,Cyo_c21Ua_68,40.5,[38 - 43%],0.0977,3.08,<span style='color:#8200E7;'>Cna</span> KPL2825,"<span style='color:#0A6003;'><span style='color:#0A6003;'>Cyo</span></span> c21Ua 68<sup style=""vertical-align: super;"">T</sup>"
Cna_KPL2825,Cyo_KPL2619,40.5,[38 - 43%],0.0979,3.05,<span style='color:#8200E7;'>Cna</span> KPL2825,<span style='color:#0A6003;'><span style='color:#0A6003;'>Cyo</span></span> KPL2619
Cna_KPL2825,Cyo_MSK136,40.6,[38.2 - 43.2%],0.0973,3.19,<span style='color:#8200E7;'>Cna</span> KPL2825,<span style='color:#0A6003;'><span style='color:#0A6003;'>Cyo</span></span> MSK136
Cna_KPL3649,Ccu_c8Ua_181,31.5,[29.1 - 34%],0.1344,0.19,<span style='color:#8200E7;'>Cna</span> KPL3649,"<span style='color:#FF00FF;'>Ccu</span> c8Ua 181<sup style=""vertical-align: super;"">T</sup>"
Cna_KPL3649,Ccu_CTNIH19,31.5,[29.1 - 34%],0.1344,0.19,<span style='color:#8200E7;'>Cna</span> KPL3649,<span style='color:#FF00FF;'>Ccu</span> CTNIH19
Cna_KPL3649,Cha_CTNIH20,32.6,[30.2 - 35.1%],0.129,0.29,<span style='color:#8200E7;'>Cna</span> KPL3649,<span style='color:#0ABF00;'>Cha</span> CTNIH20
Cna_KPL3649,Cha_CTNIH21,32.6,[30.2 - 35.1%],0.1288,0.29,<span style='color:#8200E7;'>Cna</span> KPL3649,<span style='color:#0ABF00;'>Cha</span> CTNIH21
Cna_KPL3649,Cha_CTNIH22,33,[30.6 - 35.5%],0.1271,0.33,<span style='color:#8200E7;'>Cna</span> KPL3649,"<span style='color:#0ABF00;'>Cha</span> CTNIH22<sup style=""vertical-align: super;"">T</sup>"
Cna_KPL3649,Cha_CTNIH23,32.5,[30.1 - 35.1%],0.1291,0.28,<span style='color:#8200E7;'>Cna</span> KPL3649,<span style='color:#0ABF00;'>Cha</span> CTNIH23
Cna_KPL3649,Cke_CTNIH24,79.7,[76.8 - 82.4%],0.0237,90.39,<span style='color:#8200E7;'>Cna</span> KPL3649,<span style='color:#8200E7;'>Cna</span> CTNIH24
Cna_KPL3649,Cke_CTNIH27,85.6,[82.9 - 87.9%],0.0169,94.03,<span style='color:#8200E7;'>Cna</span> KPL3649,<span style='color:#8200E7;'>Cna</span> CTNIH27
Cna_KPL3649,Cke_EYE_437,80.6,[77.7 - 83.3%],0.0226,91.07,<span style='color:#8200E7;'>Cna</span> KPL3649,<span style='color:#8200E7;'><span style='color:#8200E7;'>Cke</span></span> EYE_437
Cna_KPL3649,Cke_FDAARGOS_1055,84.3,[81.5 - 86.7%],0.0184,93.37,<span style='color:#8200E7;'>Cna</span> KPL3649,<span style='color:#8200E7;'>Cke</span> FDAARGOS 1055
Cna_KPL3649,Cke_LK1134,81.7,[78.9 - 84.3%],0.0213,91.83,<span style='color:#8200E7;'>Cna</span> KPL3649,<span style='color:#8200E7;'><span style='color:#8200E7;'>Cke</span></span> LK1134
Cna_KPL3649,Cke_YSMAA5_1_D11,85.8,[83.2 - 88.1%],0.0167,94.13,<span style='color:#8200E7;'>Cna</span> KPL3649,<span style='color:#8200E7;'>Cke</span> YSMAA5_1_D11
Cna_KPL3649,Cmq_c19Ua_121,35.7,[33.3 - 38.2%],0.1153,0.82,<span style='color:#8200E7;'>Cna</span> KPL3649,"<span style='color:#39D9E5;'>Cmq</span> c19Ua 121<sup style=""vertical-align: super;"">T</sup>"
Cna_KPL3649,Cmq_KPL4083,36.5,[34.1 - 39%],0.1121,1.04,<span style='color:#8200E7;'>Cna</span> KPL3649,<span style='color:#39D9E5;'>Cmq</span> KPL4083
Cna_KPL3649,Cmq_MSK144,35.8,[33.3 - 38.3%],0.115,0.84,<span style='color:#8200E7;'>Cna</span> KPL3649,<span style='color:#39D9E5;'>Cmq</span> MSK144
Cna_KPL3649,Cna_KPL2825,84.5,[81.8 - 86.9%],0.0182,93.47,<span style='color:#8200E7;'>Cna</span> KPL3649,<span style='color:#8200E7;'>Cna</span> KPL2825
Cna_KPL3649,Cna_KPL3649,100,[100 - NaN%],0,98.3,<span style='color:#8200E7;'>Cna</span> KPL3649,<span style='color:#8200E7;'>Cna</span> KPL3649
Cna_KPL3649,Cna_KPL3804,85.9,[83.3 - 88.2%],0.0166,94.19,<span style='color:#8200E7;'>Cna</span> KPL3649,"<span style='color:#8200E7;'>Cna</span> KPL3804<sup style=""vertical-align: super;"">T</sup>"
Cna_KPL3649,Cna_KPL4035,77.3,[74.3 - 80.1%],0.0266,88.25,<span style='color:#8200E7;'>Cna</span> KPL3649,<span style='color:#8200E7;'>Cna</span> KPL4035
Cna_KPL3649,Cna_KPL4072,80.5,[77.6 - 83.2%],0.0227,91,<span style='color:#8200E7;'>Cna</span> KPL3649,<span style='color:#8200E7;'>Cna</span> KPL4072
Cna_KPL3649,Cna_MSK071,99.8,[99.6 - 99.9%],5e-4,98.24,<span style='color:#8200E7;'>Cna</span> KPL3649,<span style='color:#8200E7;'>Cna</span> MSK071
Cna_KPL3649,Cna_MSK185,80.9,[78 - 83.5%],0.0223,91.23,<span style='color:#8200E7;'>Cna</span> KPL3649,<span style='color:#8200E7;'>Cna</span> MSK185
Cna_KPL3649,Cna_MSK194,85.9,[83.3 - 88.2%],0.0166,94.18,<span style='color:#8200E7;'>Cna</span> KPL3649,<span style='color:#8200E7;'>Cna</span> MSK194
Cna_KPL3649,Ctu_DSM_44922,36.3,[33.9 - 38.8%],0.1129,0.99,<span style='color:#8200E7;'>Cna</span> KPL3649,"<span style='color:#002BFF;'>Ctu</span> DSM 44922<sup style=""vertical-align: super;"">T</sup>"
Cna_KPL3649,Ctu_KPL3807,35.3,[32.9 - 37.8%],0.1168,0.73,<span style='color:#8200E7;'>Cna</span> KPL3649,<span style='color:#002BFF;'>Ctu</span> KPL3807
Cna_KPL3649,Ctu_MSK207,35.4,[33 - 37.9%],0.1165,0.75,<span style='color:#8200E7;'>Cna</span> KPL3649,<span style='color:#002BFF;'>Ctu</span> MSK207
Cna_KPL3649,Ctu_SK141,36.2,[33.8 - 38.8%],0.1131,0.97,<span style='color:#8200E7;'>Cna</span> KPL3649,<span style='color:#002BFF;'>Ctu</span> SK141
Cna_KPL3649,Cyo_c21Ua_68,40.4,[37.9 - 42.9%],0.0982,2.98,<span style='color:#8200E7;'>Cna</span> KPL3649,"<span style='color:#0A6003;'><span style='color:#0A6003;'>Cyo</span></span> c21Ua 68<sup style=""vertical-align: super;"">T</sup>"
Cna_KPL3649,Cyo_KPL2619,40.3,[37.8 - 42.8%],0.0986,2.9,<span style='color:#8200E7;'>Cna</span> KPL3649,<span style='color:#0A6003;'><span style='color:#0A6003;'>Cyo</span></span> KPL2619
Cna_KPL3649,Cyo_MSK136,40.4,[37.9 - 43%],0.098,3.02,<span style='color:#8200E7;'>Cna</span> KPL3649,<span style='color:#0A6003;'><span style='color:#0A6003;'>Cyo</span></span> MSK136
Cna_KPL3804,Ccu_c8Ua_181,31.6,[29.2 - 34.1%],0.1338,0.2,"<span style='color:#8200E7;'>Cna</span> KPL3804<sup style=""vertical-align: super;"">T</sup>","<span style='color:#FF00FF;'>Ccu</span> c8Ua 181<sup style=""vertical-align: super;"">T</sup>"
Cna_KPL3804,Ccu_CTNIH19,31.6,[29.2 - 34.1%],0.1338,0.2,"<span style='color:#8200E7;'>Cna</span> KPL3804<sup style=""vertical-align: super;"">T</sup>",<span style='color:#FF00FF;'>Ccu</span> CTNIH19
Cna_KPL3804,Cha_CTNIH20,32.7,[30.3 - 35.2%],0.1285,0.3,"<span style='color:#8200E7;'>Cna</span> KPL3804<sup style=""vertical-align: super;"">T</sup>",<span style='color:#0ABF00;'>Cha</span> CTNIH20
Cna_KPL3804,Cha_CTNIH21,32.8,[30.4 - 35.3%],0.128,0.31,"<span style='color:#8200E7;'>Cna</span> KPL3804<sup style=""vertical-align: super;"">T</sup>",<span style='color:#0ABF00;'>Cha</span> CTNIH21
Cna_KPL3804,Cha_CTNIH22,33,[30.6 - 35.6%],0.1268,0.34,"<span style='color:#8200E7;'>Cna</span> KPL3804<sup style=""vertical-align: super;"">T</sup>","<span style='color:#0ABF00;'>Cha</span> CTNIH22<sup style=""vertical-align: super;"">T</sup>"
Cna_KPL3804,Cha_CTNIH23,32.6,[30.2 - 35.2%],0.1287,0.3,"<span style='color:#8200E7;'>Cna</span> KPL3804<sup style=""vertical-align: super;"">T</sup>",<span style='color:#0ABF00;'>Cha</span> CTNIH23
Cna_KPL3804,Cke_CTNIH24,80.4,[77.5 - 83%],0.0229,90.88,"<span style='color:#8200E7;'>Cna</span> KPL3804<sup style=""vertical-align: super;"">T</sup>",<span style='color:#8200E7;'>Cna</span> CTNIH24
Cna_KPL3804,Cke_CTNIH27,80.7,[77.8 - 83.3%],0.0225,91.13,"<span style='color:#8200E7;'>Cna</span> KPL3804<sup style=""vertical-align: super;"">T</sup>",<span style='color:#8200E7;'>Cna</span> CTNIH27
Cna_KPL3804,Cke_EYE_437,80.9,[78 - 83.5%],0.0223,91.23,"<span style='color:#8200E7;'>Cna</span> KPL3804<sup style=""vertical-align: super;"">T</sup>",<span style='color:#8200E7;'><span style='color:#8200E7;'>Cke</span></span> EYE_437
Cna_KPL3804,Cke_FDAARGOS_1055,83.2,[80.4 - 85.7%],0.0197,92.73,"<span style='color:#8200E7;'>Cna</span> KPL3804<sup style=""vertical-align: super;"">T</sup>",<span style='color:#8200E7;'>Cke</span> FDAARGOS 1055
Cna_KPL3804,Cke_LK1134,80.7,[77.8 - 83.3%],0.0225,91.14,"<span style='color:#8200E7;'>Cna</span> KPL3804<sup style=""vertical-align: super;"">T</sup>",<span style='color:#8200E7;'><span style='color:#8200E7;'>Cke</span></span> LK1134
Cna_KPL3804,Cke_YSMAA5_1_D11,99.6,[99.4 - 99.8%],8e-4,98.2,"<span style='color:#8200E7;'>Cna</span> KPL3804<sup style=""vertical-align: super;"">T</sup>",<span style='color:#8200E7;'>Cke</span> YSMAA5_1_D11
Cna_KPL3804,Cmq_c19Ua_121,35.7,[33.3 - 38.2%],0.1153,0.82,"<span style='color:#8200E7;'>Cna</span> KPL3804<sup style=""vertical-align: super;"">T</sup>","<span style='color:#39D9E5;'>Cmq</span> c19Ua 121<sup style=""vertical-align: super;"">T</sup>"
Cna_KPL3804,Cmq_KPL4083,36.3,[33.9 - 38.9%],0.1127,0.99,"<span style='color:#8200E7;'>Cna</span> KPL3804<sup style=""vertical-align: super;"">T</sup>",<span style='color:#39D9E5;'>Cmq</span> KPL4083
Cna_KPL3804,Cmq_MSK144,35.6,[33.2 - 38.1%],0.1157,0.79,"<span style='color:#8200E7;'>Cna</span> KPL3804<sup style=""vertical-align: super;"">T</sup>",<span style='color:#39D9E5;'>Cmq</span> MSK144
Cna_KPL3804,Cna_KPL2825,83.8,[81 - 86.2%],0.019,93.08,"<span style='color:#8200E7;'>Cna</span> KPL3804<sup style=""vertical-align: super;"">T</sup>",<span style='color:#8200E7;'>Cna</span> KPL2825
Cna_KPL3804,Cna_KPL3649,85.9,[83.3 - 88.2%],0.0166,94.19,"<span style='color:#8200E7;'>Cna</span> KPL3804<sup style=""vertical-align: super;"">T</sup>",<span style='color:#8200E7;'>Cna</span> KPL3649
Cna_KPL3804,Cna_KPL3804,100,[100 - NaN%],0,98.3,"<span style='color:#8200E7;'>Cna</span> KPL3804<sup style=""vertical-align: super;"">T</sup>","<span style='color:#8200E7;'>Cna</span> KPL3804<sup style=""vertical-align: super;"">T</sup>"
Cna_KPL3804,Cna_KPL4035,78.6,[75.7 - 81.3%],0.025,89.45,"<span style='color:#8200E7;'>Cna</span> KPL3804<sup style=""vertical-align: super;"">T</sup>",<span style='color:#8200E7;'>Cna</span> KPL4035
Cna_KPL3804,Cna_KPL4072,81.4,[78.5 - 83.9%],0.0218,91.58,"<span style='color:#8200E7;'>Cna</span> KPL3804<sup style=""vertical-align: super;"">T</sup>",<span style='color:#8200E7;'>Cna</span> KPL4072
Cna_KPL3804,Cna_MSK071,85.8,[83.1 - 88.1%],0.0168,94.11,"<span style='color:#8200E7;'>Cna</span> KPL3804<sup style=""vertical-align: super;"">T</sup>",<span style='color:#8200E7;'>Cna</span> MSK071
Cna_KPL3804,Cna_MSK185,80,[77.1 - 82.7%],0.0233,90.6,"<span style='color:#8200E7;'>Cna</span> KPL3804<sup style=""vertical-align: super;"">T</sup>",<span style='color:#8200E7;'>Cna</span> MSK185
Cna_KPL3804,Cna_MSK194,99.9,[99.8 - 100%],2e-4,98.27,"<span style='color:#8200E7;'>Cna</span> KPL3804<sup style=""vertical-align: super;"">T</sup>",<span style='color:#8200E7;'>Cna</span> MSK194
Cna_KPL3804,Ctu_DSM_44922,36.3,[33.8 - 38.8%],0.113,0.97,"<span style='color:#8200E7;'>Cna</span> KPL3804<sup style=""vertical-align: super;"">T</sup>","<span style='color:#002BFF;'>Ctu</span> DSM 44922<sup style=""vertical-align: super;"">T</sup>"
Cna_KPL3804,Ctu_KPL3807,35.2,[32.8 - 37.7%],0.1172,0.71,"<span style='color:#8200E7;'>Cna</span> KPL3804<sup style=""vertical-align: super;"">T</sup>",<span style='color:#002BFF;'>Ctu</span> KPL3807
Cna_KPL3804,Ctu_MSK207,35.5,[33.1 - 38.1%],0.1159,0.78,"<span style='color:#8200E7;'>Cna</span> KPL3804<sup style=""vertical-align: super;"">T</sup>",<span style='color:#002BFF;'>Ctu</span> MSK207
Cna_KPL3804,Ctu_SK141,36.5,[34 - 39%],0.1122,1.04,"<span style='color:#8200E7;'>Cna</span> KPL3804<sup style=""vertical-align: super;"">T</sup>",<span style='color:#002BFF;'>Ctu</span> SK141
Cna_KPL3804,Cyo_c21Ua_68,40.2,[37.7 - 42.7%],0.0989,2.82,"<span style='color:#8200E7;'>Cna</span> KPL3804<sup style=""vertical-align: super;"">T</sup>","<span style='color:#0A6003;'><span style='color:#0A6003;'>Cyo</span></span> c21Ua 68<sup style=""vertical-align: super;"">T</sup>"
Cna_KPL3804,Cyo_KPL2619,39.9,[37.5 - 42.5%],0.0996,2.68,"<span style='color:#8200E7;'>Cna</span> KPL3804<sup style=""vertical-align: super;"">T</sup>",<span style='color:#0A6003;'><span style='color:#0A6003;'>Cyo</span></span> KPL2619
Cna_KPL3804,Cyo_MSK136,40.1,[37.6 - 42.6%],0.0991,2.79,"<span style='color:#8200E7;'>Cna</span> KPL3804<sup style=""vertical-align: super;"">T</sup>",<span style='color:#0A6003;'><span style='color:#0A6003;'>Cyo</span></span> MSK136
Cna_KPL4035,Ccu_c8Ua_181,31.5,[29.1 - 34%],0.1341,0.19,<span style='color:#8200E7;'>Cna</span> KPL4035,"<span style='color:#FF00FF;'>Ccu</span> c8Ua 181<sup style=""vertical-align: super;"">T</sup>"
Cna_KPL4035,Ccu_CTNIH19,31.5,[29.1 - 34.1%],0.134,0.2,<span style='color:#8200E7;'>Cna</span> KPL4035,<span style='color:#FF00FF;'>Ccu</span> CTNIH19
Cna_KPL4035,Cha_CTNIH20,32.3,[29.9 - 34.8%],0.1303,0.26,<span style='color:#8200E7;'>Cna</span> KPL4035,<span style='color:#0ABF00;'>Cha</span> CTNIH20
Cna_KPL4035,Cha_CTNIH21,32.4,[30 - 34.9%],0.1298,0.27,<span style='color:#8200E7;'>Cna</span> KPL4035,<span style='color:#0ABF00;'>Cha</span> CTNIH21
Cna_KPL4035,Cha_CTNIH22,32.8,[30.3 - 35.3%],0.1282,0.31,<span style='color:#8200E7;'>Cna</span> KPL4035,"<span style='color:#0ABF00;'>Cha</span> CTNIH22<sup style=""vertical-align: super;"">T</sup>"
Cna_KPL4035,Cha_CTNIH23,32.4,[30 - 34.9%],0.1298,0.27,<span style='color:#8200E7;'>Cna</span> KPL4035,<span style='color:#0ABF00;'>Cha</span> CTNIH23
Cna_KPL4035,Cke_CTNIH24,84.8,[82 - 87.2%],0.0179,93.61,<span style='color:#8200E7;'>Cna</span> KPL4035,<span style='color:#8200E7;'>Cna</span> CTNIH24
Cna_KPL4035,Cke_CTNIH27,78.3,[75.3 - 81%],0.0254,89.14,<span style='color:#8200E7;'>Cna</span> KPL4035,<span style='color:#8200E7;'>Cna</span> CTNIH27
Cna_KPL4035,Cke_EYE_437,77.2,[74.2 - 80%],0.0267,88.16,<span style='color:#8200E7;'>Cna</span> KPL4035,<span style='color:#8200E7;'><span style='color:#8200E7;'>Cke</span></span> EYE_437
Cna_KPL4035,Cke_FDAARGOS_1055,77.7,[74.7 - 80.4%],0.0262,88.58,<span style='color:#8200E7;'>Cna</span> KPL4035,<span style='color:#8200E7;'>Cke</span> FDAARGOS 1055
Cna_KPL4035,Cke_LK1134,76.5,[73.5 - 79.3%],0.0276,87.46,<span style='color:#8200E7;'>Cna</span> KPL4035,<span style='color:#8200E7;'><span style='color:#8200E7;'>Cke</span></span> LK1134
Cna_KPL4035,Cke_YSMAA5_1_D11,78.6,[75.6 - 81.2%],0.0251,89.39,<span style='color:#8200E7;'>Cna</span> KPL4035,<span style='color:#8200E7;'>Cke</span> YSMAA5_1_D11
Cna_KPL4035,Cmq_c19Ua_121,36,[33.6 - 38.6%],0.1139,0.91,<span style='color:#8200E7;'>Cna</span> KPL4035,"<span style='color:#39D9E5;'>Cmq</span> c19Ua 121<sup style=""vertical-align: super;"">T</sup>"
Cna_KPL4035,Cmq_KPL4083,36.6,[34.1 - 39.1%],0.1117,1.07,<span style='color:#8200E7;'>Cna</span> KPL4035,<span style='color:#39D9E5;'>Cmq</span> KPL4083
Cna_KPL4035,Cmq_MSK144,35.8,[33.4 - 38.4%],0.1147,0.86,<span style='color:#8200E7;'>Cna</span> KPL4035,<span style='color:#39D9E5;'>Cmq</span> MSK144
Cna_KPL4035,Cna_KPL2825,77.6,[74.6 - 80.3%],0.0263,88.5,<span style='color:#8200E7;'>Cna</span> KPL4035,<span style='color:#8200E7;'>Cna</span> KPL2825
Cna_KPL4035,Cna_KPL3649,77.3,[74.3 - 80.1%],0.0266,88.25,<span style='color:#8200E7;'>Cna</span> KPL4035,<span style='color:#8200E7;'>Cna</span> KPL3649
Cna_KPL4035,Cna_KPL3804,78.6,[75.7 - 81.3%],0.025,89.45,<span style='color:#8200E7;'>Cna</span> KPL4035,"<span style='color:#8200E7;'>Cna</span> KPL3804<sup style=""vertical-align: super;"">T</sup>"
Cna_KPL4035,Cna_KPL4035,100,[100 - NaN%],0,98.3,<span style='color:#8200E7;'>Cna</span> KPL4035,<span style='color:#8200E7;'>Cna</span> KPL4035
Cna_KPL4035,Cna_KPL4072,82.1,[79.3 - 84.7%],0.0209,92.1,<span style='color:#8200E7;'>Cna</span> KPL4035,<span style='color:#8200E7;'>Cna</span> KPL4072
Cna_KPL4035,Cna_MSK071,77.3,[74.3 - 80.1%],0.0266,88.27,<span style='color:#8200E7;'>Cna</span> KPL4035,<span style='color:#8200E7;'>Cna</span> MSK071
Cna_KPL4035,Cna_MSK185,76.2,[73.2 - 78.9%],0.028,87.09,<span style='color:#8200E7;'>Cna</span> KPL4035,<span style='color:#8200E7;'>Cna</span> MSK185
Cna_KPL4035,Cna_MSK194,78.7,[75.7 - 81.4%],0.0249,89.52,<span style='color:#8200E7;'>Cna</span> KPL4035,<span style='color:#8200E7;'>Cna</span> MSK194
Cna_KPL4035,Ctu_DSM_44922,36.2,[33.7 - 38.7%],0.1135,0.94,<span style='color:#8200E7;'>Cna</span> KPL4035,"<span style='color:#002BFF;'>Ctu</span> DSM 44922<sup style=""vertical-align: super;"">T</sup>"
Cna_KPL4035,Ctu_KPL3807,35.3,[32.9 - 37.8%],0.1169,0.72,<span style='color:#8200E7;'>Cna</span> KPL4035,<span style='color:#002BFF;'>Ctu</span> KPL3807
Cna_KPL4035,Ctu_MSK207,35.3,[32.9 - 37.8%],0.1168,0.73,<span style='color:#8200E7;'>Cna</span> KPL4035,<span style='color:#002BFF;'>Ctu</span> MSK207
Cna_KPL4035,Ctu_SK141,36.3,[33.8 - 38.8%],0.113,0.97,<span style='color:#8200E7;'>Cna</span> KPL4035,<span style='color:#002BFF;'>Ctu</span> SK141
Cna_KPL4035,Cyo_c21Ua_68,39.8,[37.3 - 42.3%],0.1001,2.58,<span style='color:#8200E7;'>Cna</span> KPL4035,"<span style='color:#0A6003;'><span style='color:#0A6003;'>Cyo</span></span> c21Ua 68<sup style=""vertical-align: super;"">T</sup>"
Cna_KPL4035,Cyo_KPL2619,39.7,[37.2 - 42.3%],0.1004,2.53,<span style='color:#8200E7;'>Cna</span> KPL4035,<span style='color:#0A6003;'><span style='color:#0A6003;'>Cyo</span></span> KPL2619
Cna_KPL4035,Cyo_MSK136,39.7,[37.2 - 42.2%],0.1006,2.5,<span style='color:#8200E7;'>Cna</span> KPL4035,<span style='color:#0A6003;'><span style='color:#0A6003;'>Cyo</span></span> MSK136
Cna_KPL4072,Ccu_c8Ua_181,31.5,[29.1 - 34%],0.1343,0.19,<span style='color:#8200E7;'>Cna</span> KPL4072,"<span style='color:#FF00FF;'>Ccu</span> c8Ua 181<sup style=""vertical-align: super;"">T</sup>"
Cna_KPL4072,Ccu_CTNIH19,31.5,[29.1 - 34%],0.1341,0.19,<span style='color:#8200E7;'>Cna</span> KPL4072,<span style='color:#FF00FF;'>Ccu</span> CTNIH19
Cna_KPL4072,Cha_CTNIH20,32.5,[30.1 - 35%],0.1294,0.28,<span style='color:#8200E7;'>Cna</span> KPL4072,<span style='color:#0ABF00;'>Cha</span> CTNIH20
Cna_KPL4072,Cha_CTNIH21,32.5,[30.1 - 35%],0.1293,0.28,<span style='color:#8200E7;'>Cna</span> KPL4072,<span style='color:#0ABF00;'>Cha</span> CTNIH21
Cna_KPL4072,Cha_CTNIH22,32.9,[30.5 - 35.4%],0.1274,0.33,<span style='color:#8200E7;'>Cna</span> KPL4072,"<span style='color:#0ABF00;'>Cha</span> CTNIH22<sup style=""vertical-align: super;"">T</sup>"
Cna_KPL4072,Cha_CTNIH23,32.5,[30 - 35%],0.1296,0.28,<span style='color:#8200E7;'>Cna</span> KPL4072,<span style='color:#0ABF00;'>Cha</span> CTNIH23
Cna_KPL4072,Cke_CTNIH24,83.9,[81.1 - 86.4%],0.0188,93.16,<span style='color:#8200E7;'>Cna</span> KPL4072,<span style='color:#8200E7;'>Cna</span> CTNIH24
Cna_KPL4072,Cke_CTNIH27,80.6,[77.7 - 83.3%],0.0226,91.07,<span style='color:#8200E7;'>Cna</span> KPL4072,<span style='color:#8200E7;'>Cna</span> CTNIH27
Cna_KPL4072,Cke_EYE_437,80.8,[77.9 - 83.5%],0.0224,91.22,<span style='color:#8200E7;'>Cna</span> KPL4072,<span style='color:#8200E7;'><span style='color:#8200E7;'>Cke</span></span> EYE_437
Cna_KPL4072,Cke_FDAARGOS_1055,82.1,[79.2 - 84.6%],0.021,92.04,<span style='color:#8200E7;'>Cna</span> KPL4072,<span style='color:#8200E7;'>Cke</span> FDAARGOS 1055
Cna_KPL4072,Cke_LK1134,79.1,[76.2 - 81.8%],0.0244,89.88,<span style='color:#8200E7;'>Cna</span> KPL4072,<span style='color:#8200E7;'><span style='color:#8200E7;'>Cke</span></span> LK1134
Cna_KPL4072,Cke_YSMAA5_1_D11,81.3,[78.4 - 83.9%],0.0219,91.52,<span style='color:#8200E7;'>Cna</span> KPL4072,<span style='color:#8200E7;'>Cke</span> YSMAA5_1_D11
Cna_KPL4072,Cmq_c19Ua_121,35.6,[33.2 - 38.1%],0.1157,0.79,<span style='color:#8200E7;'>Cna</span> KPL4072,"<span style='color:#39D9E5;'>Cmq</span> c19Ua 121<sup style=""vertical-align: super;"">T</sup>"
Cna_KPL4072,Cmq_KPL4083,36.3,[33.8 - 38.8%],0.113,0.98,<span style='color:#8200E7;'>Cna</span> KPL4072,<span style='color:#39D9E5;'>Cmq</span> KPL4083
Cna_KPL4072,Cmq_MSK144,35.5,[33 - 38%],0.1162,0.77,<span style='color:#8200E7;'>Cna</span> KPL4072,<span style='color:#39D9E5;'>Cmq</span> MSK144
Cna_KPL4072,Cna_KPL2825,82.4,[79.5 - 84.9%],0.0206,92.25,<span style='color:#8200E7;'>Cna</span> KPL4072,<span style='color:#8200E7;'>Cna</span> KPL2825
Cna_KPL4072,Cna_KPL3649,80.5,[77.6 - 83.2%],0.0227,91,<span style='color:#8200E7;'>Cna</span> KPL4072,<span style='color:#8200E7;'>Cna</span> KPL3649
Cna_KPL4072,Cna_KPL3804,81.4,[78.5 - 83.9%],0.0218,91.58,<span style='color:#8200E7;'>Cna</span> KPL4072,"<span style='color:#8200E7;'>Cna</span> KPL3804<sup style=""vertical-align: super;"">T</sup>"
Cna_KPL4072,Cna_KPL4035,82.1,[79.3 - 84.7%],0.0209,92.1,<span style='color:#8200E7;'>Cna</span> KPL4072,<span style='color:#8200E7;'>Cna</span> KPL4035
Cna_KPL4072,Cna_KPL4072,100,[100 - NaN%],0,98.3,<span style='color:#8200E7;'>Cna</span> KPL4072,<span style='color:#8200E7;'>Cna</span> KPL4072
Cna_KPL4072,Cna_MSK071,80.4,[77.5 - 83%],0.0229,90.9,<span style='color:#8200E7;'>Cna</span> KPL4072,<span style='color:#8200E7;'>Cna</span> MSK071
Cna_KPL4072,Cna_MSK185,79.1,[76.1 - 81.7%],0.0245,89.83,<span style='color:#8200E7;'>Cna</span> KPL4072,<span style='color:#8200E7;'>Cna</span> MSK185
Cna_KPL4072,Cna_MSK194,81.5,[78.6 - 84%],0.0216,91.65,<span style='color:#8200E7;'>Cna</span> KPL4072,<span style='color:#8200E7;'>Cna</span> MSK194
Cna_KPL4072,Ctu_DSM_44922,35.9,[33.4 - 38.4%],0.1147,0.86,<span style='color:#8200E7;'>Cna</span> KPL4072,"<span style='color:#002BFF;'>Ctu</span> DSM 44922<sup style=""vertical-align: super;"">T</sup>"
Cna_KPL4072,Ctu_KPL3807,35,[32.6 - 37.5%],0.1181,0.66,<span style='color:#8200E7;'>Cna</span> KPL4072,<span style='color:#002BFF;'>Ctu</span> KPL3807
Cna_KPL4072,Ctu_MSK207,35.2,[32.8 - 37.7%],0.1174,0.7,<span style='color:#8200E7;'>Cna</span> KPL4072,<span style='color:#002BFF;'>Ctu</span> MSK207
Cna_KPL4072,Ctu_SK141,36,[33.6 - 38.6%],0.1139,0.91,<span style='color:#8200E7;'>Cna</span> KPL4072,<span style='color:#002BFF;'>Ctu</span> SK141
Cna_KPL4072,Cyo_c21Ua_68,40,[37.5 - 42.6%],0.0993,2.74,<span style='color:#8200E7;'>Cna</span> KPL4072,"<span style='color:#0A6003;'><span style='color:#0A6003;'>Cyo</span></span> c21Ua 68<sup style=""vertical-align: super;"">T</sup>"
Cna_KPL4072,Cyo_KPL2619,40,[37.5 - 42.5%],0.0995,2.71,<span style='color:#8200E7;'>Cna</span> KPL4072,<span style='color:#0A6003;'><span style='color:#0A6003;'>Cyo</span></span> KPL2619
Cna_KPL4072,Cyo_MSK136,40,[37.5 - 42.5%],0.0994,2.72,<span style='color:#8200E7;'>Cna</span> KPL4072,<span style='color:#0A6003;'><span style='color:#0A6003;'>Cyo</span></span> MSK136
Cna_MSK071,Ccu_c8Ua_181,31.5,[29.1 - 34%],0.1343,0.19,<span style='color:#8200E7;'>Cna</span> MSK071,"<span style='color:#FF00FF;'>Ccu</span> c8Ua 181<sup style=""vertical-align: super;"">T</sup>"
Cna_MSK071,Ccu_CTNIH19,31.5,[29.1 - 34%],0.1343,0.19,<span style='color:#8200E7;'>Cna</span> MSK071,<span style='color:#FF00FF;'>Ccu</span> CTNIH19
Cna_MSK071,Cha_CTNIH20,32.6,[30.2 - 35.1%],0.129,0.29,<span style='color:#8200E7;'>Cna</span> MSK071,<span style='color:#0ABF00;'>Cha</span> CTNIH20
Cna_MSK071,Cha_CTNIH21,32.6,[30.2 - 35.1%],0.1289,0.29,<span style='color:#8200E7;'>Cna</span> MSK071,<span style='color:#0ABF00;'>Cha</span> CTNIH21
Cna_MSK071,Cha_CTNIH22,33,[30.5 - 35.5%],0.1272,0.33,<span style='color:#8200E7;'>Cna</span> MSK071,"<span style='color:#0ABF00;'>Cha</span> CTNIH22<sup style=""vertical-align: super;"">T</sup>"
Cna_MSK071,Cha_CTNIH23,32.5,[30.1 - 35%],0.1293,0.28,<span style='color:#8200E7;'>Cna</span> MSK071,<span style='color:#0ABF00;'>Cha</span> CTNIH23
Cna_MSK071,Cke_CTNIH24,79.6,[76.7 - 82.3%],0.0238,90.27,<span style='color:#8200E7;'>Cna</span> MSK071,<span style='color:#8200E7;'>Cna</span> CTNIH24
Cna_MSK071,Cke_CTNIH27,85.6,[82.9 - 87.9%],0.0169,94.03,<span style='color:#8200E7;'>Cna</span> MSK071,<span style='color:#8200E7;'>Cna</span> CTNIH27
Cna_MSK071,Cke_EYE_437,80.6,[77.7 - 83.3%],0.0226,91.07,<span style='color:#8200E7;'>Cna</span> MSK071,<span style='color:#8200E7;'><span style='color:#8200E7;'>Cke</span></span> EYE_437
Cna_MSK071,Cke_FDAARGOS_1055,84.3,[81.6 - 86.7%],0.0184,93.38,<span style='color:#8200E7;'>Cna</span> MSK071,<span style='color:#8200E7;'>Cke</span> FDAARGOS 1055
Cna_MSK071,Cke_LK1134,81.5,[78.6 - 84.1%],0.0216,91.69,<span style='color:#8200E7;'>Cna</span> MSK071,<span style='color:#8200E7;'><span style='color:#8200E7;'>Cke</span></span> LK1134
Cna_MSK071,Cke_YSMAA5_1_D11,85.7,[83.1 - 88.1%],0.0168,94.09,<span style='color:#8200E7;'>Cna</span> MSK071,<span style='color:#8200E7;'>Cke</span> YSMAA5_1_D11
Cna_MSK071,Cmq_c19Ua_121,35.7,[33.2 - 38.2%],0.1154,0.81,<span style='color:#8200E7;'>Cna</span> MSK071,"<span style='color:#39D9E5;'>Cmq</span> c19Ua 121<sup style=""vertical-align: super;"">T</sup>"
Cna_MSK071,Cmq_KPL4083,36.5,[34 - 39%],0.1121,1.04,<span style='color:#8200E7;'>Cna</span> MSK071,<span style='color:#39D9E5;'>Cmq</span> KPL4083
Cna_MSK071,Cmq_MSK144,35.8,[33.3 - 38.3%],0.115,0.84,<span style='color:#8200E7;'>Cna</span> MSK071,<span style='color:#39D9E5;'>Cmq</span> MSK144
Cna_MSK071,Cna_KPL2825,84.5,[81.7 - 86.9%],0.0182,93.45,<span style='color:#8200E7;'>Cna</span> MSK071,<span style='color:#8200E7;'>Cna</span> KPL2825
Cna_MSK071,Cna_KPL3649,99.8,[99.6 - 99.9%],5e-4,98.24,<span style='color:#8200E7;'>Cna</span> MSK071,<span style='color:#8200E7;'>Cna</span> KPL3649
Cna_MSK071,Cna_KPL3804,85.8,[83.1 - 88.1%],0.0168,94.11,<span style='color:#8200E7;'>Cna</span> MSK071,"<span style='color:#8200E7;'>Cna</span> KPL3804<sup style=""vertical-align: super;"">T</sup>"
Cna_MSK071,Cna_KPL4035,77.3,[74.3 - 80.1%],0.0266,88.27,<span style='color:#8200E7;'>Cna</span> MSK071,<span style='color:#8200E7;'>Cna</span> KPL4035
Cna_MSK071,Cna_KPL4072,80.4,[77.5 - 83%],0.0229,90.9,<span style='color:#8200E7;'>Cna</span> MSK071,<span style='color:#8200E7;'>Cna</span> KPL4072
Cna_MSK071,Cna_MSK071,100,[100 - NaN%],0,98.3,<span style='color:#8200E7;'>Cna</span> MSK071,<span style='color:#8200E7;'>Cna</span> MSK071
Cna_MSK071,Cna_MSK185,80.6,[77.7 - 83.3%],0.0226,91.07,<span style='color:#8200E7;'>Cna</span> MSK071,<span style='color:#8200E7;'>Cna</span> MSK185
Cna_MSK071,Cna_MSK194,85.8,[83.1 - 88.1%],0.0168,94.1,<span style='color:#8200E7;'>Cna</span> MSK071,<span style='color:#8200E7;'>Cna</span> MSK194
Cna_MSK071,Ctu_DSM_44922,36.3,[33.8 - 38.8%],0.1129,0.98,<span style='color:#8200E7;'>Cna</span> MSK071,"<span style='color:#002BFF;'>Ctu</span> DSM 44922<sup style=""vertical-align: super;"">T</sup>"
Cna_MSK071,Ctu_KPL3807,35.3,[32.9 - 37.8%],0.1168,0.73,<span style='color:#8200E7;'>Cna</span> MSK071,<span style='color:#002BFF;'>Ctu</span> KPL3807
Cna_MSK071,Ctu_MSK207,35.4,[33 - 37.9%],0.1165,0.75,<span style='color:#8200E7;'>Cna</span> MSK071,<span style='color:#002BFF;'>Ctu</span> MSK207
Cna_MSK071,Ctu_SK141,36.2,[33.8 - 38.8%],0.1131,0.97,<span style='color:#8200E7;'>Cna</span> MSK071,<span style='color:#002BFF;'>Ctu</span> SK141
Cna_MSK071,Cyo_c21Ua_68,40.4,[37.9 - 42.9%],0.0983,2.97,<span style='color:#8200E7;'>Cna</span> MSK071,"<span style='color:#0A6003;'><span style='color:#0A6003;'>Cyo</span></span> c21Ua 68<sup style=""vertical-align: super;"">T</sup>"
Cna_MSK071,Cyo_KPL2619,40.3,[37.8 - 42.8%],0.0986,2.89,<span style='color:#8200E7;'>Cna</span> MSK071,<span style='color:#0A6003;'><span style='color:#0A6003;'>Cyo</span></span> KPL2619
Cna_MSK071,Cyo_MSK136,40.4,[37.9 - 43%],0.098,3.02,<span style='color:#8200E7;'>Cna</span> MSK071,<span style='color:#0A6003;'><span style='color:#0A6003;'>Cyo</span></span> MSK136
Cna_MSK185,Ccu_c8Ua_181,31.5,[29.1 - 34%],0.1342,0.19,<span style='color:#8200E7;'>Cna</span> MSK185,"<span style='color:#FF00FF;'>Ccu</span> c8Ua 181<sup style=""vertical-align: super;"">T</sup>"
Cna_MSK185,Ccu_CTNIH19,31.5,[29.1 - 34%],0.1342,0.19,<span style='color:#8200E7;'>Cna</span> MSK185,<span style='color:#FF00FF;'>Ccu</span> CTNIH19
Cna_MSK185,Cha_CTNIH20,32.6,[30.2 - 35.1%],0.1288,0.29,<span style='color:#8200E7;'>Cna</span> MSK185,<span style='color:#0ABF00;'>Cha</span> CTNIH20
Cna_MSK185,Cha_CTNIH21,32.6,[30.2 - 35.1%],0.1288,0.29,<span style='color:#8200E7;'>Cna</span> MSK185,<span style='color:#0ABF00;'>Cha</span> CTNIH21
Cna_MSK185,Cha_CTNIH22,33.2,[30.7 - 35.7%],0.1263,0.35,<span style='color:#8200E7;'>Cna</span> MSK185,"<span style='color:#0ABF00;'>Cha</span> CTNIH22<sup style=""vertical-align: super;"">T</sup>"
Cna_MSK185,Cha_CTNIH23,32.5,[30.1 - 35%],0.1295,0.28,<span style='color:#8200E7;'>Cna</span> MSK185,<span style='color:#0ABF00;'>Cha</span> CTNIH23
Cna_MSK185,Cke_CTNIH24,78.2,[75.2 - 80.9%],0.0255,89.08,<span style='color:#8200E7;'>Cna</span> MSK185,<span style='color:#8200E7;'>Cna</span> CTNIH24
Cna_MSK185,Cke_CTNIH27,81.6,[78.7 - 84.2%],0.0215,91.74,<span style='color:#8200E7;'>Cna</span> MSK185,<span style='color:#8200E7;'>Cna</span> CTNIH27
Cna_MSK185,Cke_EYE_437,81.4,[78.5 - 84%],0.0217,91.6,<span style='color:#8200E7;'>Cna</span> MSK185,<span style='color:#8200E7;'><span style='color:#8200E7;'>Cke</span></span> EYE_437
Cna_MSK185,Cke_FDAARGOS_1055,83.6,[80.8 - 86.1%],0.0192,92.98,<span style='color:#8200E7;'>Cna</span> MSK185,<span style='color:#8200E7;'>Cke</span> FDAARGOS 1055
Cna_MSK185,Cke_LK1134,83.7,[80.9 - 86.1%],0.0191,93.03,<span style='color:#8200E7;'>Cna</span> MSK185,<span style='color:#8200E7;'><span style='color:#8200E7;'>Cke</span></span> LK1134
Cna_MSK185,Cke_YSMAA5_1_D11,79.7,[76.8 - 82.4%],0.0237,90.36,<span style='color:#8200E7;'>Cna</span> MSK185,<span style='color:#8200E7;'>Cke</span> YSMAA5_1_D11
Cna_MSK185,Cmq_c19Ua_121,35.9,[33.5 - 38.4%],0.1145,0.87,<span style='color:#8200E7;'>Cna</span> MSK185,"<span style='color:#39D9E5;'>Cmq</span> c19Ua 121<sup style=""vertical-align: super;"">T</sup>"
Cna_MSK185,Cmq_KPL4083,36.6,[34.1 - 39.1%],0.1118,1.07,<span style='color:#8200E7;'>Cna</span> MSK185,<span style='color:#39D9E5;'>Cmq</span> KPL4083
Cna_MSK185,Cmq_MSK144,35.8,[33.4 - 38.3%],0.1148,0.85,<span style='color:#8200E7;'>Cna</span> MSK185,<span style='color:#39D9E5;'>Cmq</span> MSK144
Cna_MSK185,Cna_KPL2825,83.1,[80.3 - 85.6%],0.0198,92.68,<span style='color:#8200E7;'>Cna</span> MSK185,<span style='color:#8200E7;'>Cna</span> KPL2825
Cna_MSK185,Cna_KPL3649,80.9,[78 - 83.5%],0.0223,91.23,<span style='color:#8200E7;'>Cna</span> MSK185,<span style='color:#8200E7;'>Cna</span> KPL3649
Cna_MSK185,Cna_KPL3804,80,[77.1 - 82.7%],0.0233,90.6,<span style='color:#8200E7;'>Cna</span> MSK185,"<span style='color:#8200E7;'>Cna</span> KPL3804<sup style=""vertical-align: super;"">T</sup>"
Cna_MSK185,Cna_KPL4035,76.2,[73.2 - 78.9%],0.028,87.09,<span style='color:#8200E7;'>Cna</span> MSK185,<span style='color:#8200E7;'>Cna</span> KPL4035
Cna_MSK185,Cna_KPL4072,79.1,[76.1 - 81.7%],0.0245,89.83,<span style='color:#8200E7;'>Cna</span> MSK185,<span style='color:#8200E7;'>Cna</span> KPL4072
Cna_MSK185,Cna_MSK071,80.6,[77.7 - 83.3%],0.0226,91.07,<span style='color:#8200E7;'>Cna</span> MSK185,<span style='color:#8200E7;'>Cna</span> MSK071
Cna_MSK185,Cna_MSK185,100,[100 - NaN%],0,98.3,<span style='color:#8200E7;'>Cna</span> MSK185,<span style='color:#8200E7;'>Cna</span> MSK185
Cna_MSK185,Cna_MSK194,80,[77.1 - 82.7%],0.0233,90.6,<span style='color:#8200E7;'>Cna</span> MSK185,<span style='color:#8200E7;'>Cna</span> MSK194
Cna_MSK185,Ctu_DSM_44922,36.3,[33.9 - 38.8%],0.1128,0.99,<span style='color:#8200E7;'>Cna</span> MSK185,"<span style='color:#002BFF;'>Ctu</span> DSM 44922<sup style=""vertical-align: super;"">T</sup>"
Cna_MSK185,Ctu_KPL3807,35.3,[32.9 - 37.8%],0.1169,0.72,<span style='color:#8200E7;'>Cna</span> MSK185,<span style='color:#002BFF;'>Ctu</span> KPL3807
Cna_MSK185,Ctu_MSK207,35.6,[33.1 - 38.1%],0.1158,0.79,<span style='color:#8200E7;'>Cna</span> MSK185,<span style='color:#002BFF;'>Ctu</span> MSK207
Cna_MSK185,Ctu_SK141,36.5,[34.1 - 39%],0.112,1.05,<span style='color:#8200E7;'>Cna</span> MSK185,<span style='color:#002BFF;'>Ctu</span> SK141
Cna_MSK185,Cyo_c21Ua_68,40.6,[38.1 - 43.1%],0.0975,3.15,<span style='color:#8200E7;'>Cna</span> MSK185,"<span style='color:#0A6003;'><span style='color:#0A6003;'>Cyo</span></span> c21Ua 68<sup style=""vertical-align: super;"">T</sup>"
Cna_MSK185,Cyo_KPL2619,40.6,[38.1 - 43.1%],0.0976,3.12,<span style='color:#8200E7;'>Cna</span> MSK185,<span style='color:#0A6003;'><span style='color:#0A6003;'>Cyo</span></span> KPL2619
Cna_MSK185,Cyo_MSK136,40.6,[38.1 - 43.1%],0.0975,3.13,<span style='color:#8200E7;'>Cna</span> MSK185,<span style='color:#0A6003;'><span style='color:#0A6003;'>Cyo</span></span> MSK136
Cna_MSK194,Ccu_c8Ua_181,31.6,[29.2 - 34.1%],0.1338,0.2,<span style='color:#8200E7;'>Cna</span> MSK194,"<span style='color:#FF00FF;'>Ccu</span> c8Ua 181<sup style=""vertical-align: super;"">T</sup>"
Cna_MSK194,Ccu_CTNIH19,31.6,[29.2 - 34.1%],0.1339,0.2,<span style='color:#8200E7;'>Cna</span> MSK194,<span style='color:#FF00FF;'>Ccu</span> CTNIH19
Cna_MSK194,Cha_CTNIH20,32.7,[30.3 - 35.2%],0.1285,0.3,<span style='color:#8200E7;'>Cna</span> MSK194,<span style='color:#0ABF00;'>Cha</span> CTNIH20
Cna_MSK194,Cha_CTNIH21,32.8,[30.3 - 35.3%],0.1281,0.31,<span style='color:#8200E7;'>Cna</span> MSK194,<span style='color:#0ABF00;'>Cha</span> CTNIH21
Cna_MSK194,Cha_CTNIH22,33,[30.6 - 35.5%],0.1269,0.34,<span style='color:#8200E7;'>Cna</span> MSK194,"<span style='color:#0ABF00;'>Cha</span> CTNIH22<sup style=""vertical-align: super;"">T</sup>"
Cna_MSK194,Cha_CTNIH23,32.7,[30.3 - 35.2%],0.1285,0.3,<span style='color:#8200E7;'>Cna</span> MSK194,<span style='color:#0ABF00;'>Cha</span> CTNIH23
Cna_MSK194,Cke_CTNIH24,80.4,[77.4 - 83%],0.0229,90.86,<span style='color:#8200E7;'>Cna</span> MSK194,<span style='color:#8200E7;'>Cna</span> CTNIH24
Cna_MSK194,Cke_CTNIH27,80.8,[77.9 - 83.4%],0.0224,91.21,<span style='color:#8200E7;'>Cna</span> MSK194,<span style='color:#8200E7;'>Cna</span> CTNIH27
Cna_MSK194,Cke_EYE_437,80.9,[78 - 83.5%],0.0223,91.23,<span style='color:#8200E7;'>Cna</span> MSK194,<span style='color:#8200E7;'><span style='color:#8200E7;'>Cke</span></span> EYE_437
Cna_MSK194,Cke_FDAARGOS_1055,83.2,[80.3 - 85.6%],0.0197,92.73,<span style='color:#8200E7;'>Cna</span> MSK194,<span style='color:#8200E7;'>Cke</span> FDAARGOS 1055
Cna_MSK194,Cke_LK1134,80.7,[77.8 - 83.3%],0.0225,91.11,<span style='color:#8200E7;'>Cna</span> MSK194,<span style='color:#8200E7;'><span style='color:#8200E7;'>Cke</span></span> LK1134
Cna_MSK194,Cke_YSMAA5_1_D11,99.6,[99.4 - 99.8%],8e-4,98.2,<span style='color:#8200E7;'>Cna</span> MSK194,<span style='color:#8200E7;'>Cke</span> YSMAA5_1_D11
Cna_MSK194,Cmq_c19Ua_121,35.7,[33.2 - 38.2%],0.1154,0.81,<span style='color:#8200E7;'>Cna</span> MSK194,"<span style='color:#39D9E5;'>Cmq</span> c19Ua 121<sup style=""vertical-align: super;"">T</sup>"
Cna_MSK194,Cmq_KPL4083,36.3,[33.8 - 38.8%],0.113,0.98,<span style='color:#8200E7;'>Cna</span> MSK194,<span style='color:#39D9E5;'>Cmq</span> KPL4083
Cna_MSK194,Cmq_MSK144,35.6,[33.1 - 38.1%],0.1158,0.79,<span style='color:#8200E7;'>Cna</span> MSK194,<span style='color:#39D9E5;'>Cmq</span> MSK144
Cna_MSK194,Cna_KPL2825,83.7,[80.9 - 86.2%],0.0191,93.05,<span style='color:#8200E7;'>Cna</span> MSK194,<span style='color:#8200E7;'>Cna</span> KPL2825
Cna_MSK194,Cna_KPL3649,85.9,[83.3 - 88.2%],0.0166,94.18,<span style='color:#8200E7;'>Cna</span> MSK194,<span style='color:#8200E7;'>Cna</span> KPL3649
Cna_MSK194,Cna_KPL3804,99.9,[99.8 - 100%],2e-4,98.27,<span style='color:#8200E7;'>Cna</span> MSK194,"<span style='color:#8200E7;'>Cna</span> KPL3804<sup style=""vertical-align: super;"">T</sup>"
Cna_MSK194,Cna_KPL4035,78.7,[75.7 - 81.4%],0.0249,89.52,<span style='color:#8200E7;'>Cna</span> MSK194,<span style='color:#8200E7;'>Cna</span> KPL4035
Cna_MSK194,Cna_KPL4072,81.5,[78.6 - 84%],0.0216,91.65,<span style='color:#8200E7;'>Cna</span> MSK194,<span style='color:#8200E7;'>Cna</span> KPL4072
Cna_MSK194,Cna_MSK071,85.8,[83.1 - 88.1%],0.0168,94.1,<span style='color:#8200E7;'>Cna</span> MSK194,<span style='color:#8200E7;'>Cna</span> MSK071
Cna_MSK194,Cna_MSK185,80,[77.1 - 82.7%],0.0233,90.6,<span style='color:#8200E7;'>Cna</span> MSK194,<span style='color:#8200E7;'>Cna</span> MSK185
Cna_MSK194,Cna_MSK194,100,[100 - NaN%],0,98.3,<span style='color:#8200E7;'>Cna</span> MSK194,<span style='color:#8200E7;'>Cna</span> MSK194
Cna_MSK194,Ctu_DSM_44922,36.3,[33.8 - 38.8%],0.1129,0.98,<span style='color:#8200E7;'>Cna</span> MSK194,"<span style='color:#002BFF;'>Ctu</span> DSM 44922<sup style=""vertical-align: super;"">T</sup>"
Cna_MSK194,Ctu_KPL3807,35.2,[32.8 - 37.7%],0.1173,0.7,<span style='color:#8200E7;'>Cna</span> MSK194,<span style='color:#002BFF;'>Ctu</span> KPL3807
Cna_MSK194,Ctu_MSK207,35.5,[33.1 - 38%],0.1161,0.77,<span style='color:#8200E7;'>Cna</span> MSK194,<span style='color:#002BFF;'>Ctu</span> MSK207
Cna_MSK194,Ctu_SK141,36.5,[34 - 39%],0.1123,1.03,<span style='color:#8200E7;'>Cna</span> MSK194,<span style='color:#002BFF;'>Ctu</span> SK141
Cna_MSK194,Cyo_c21Ua_68,40.1,[37.6 - 42.7%],0.099,2.81,<span style='color:#8200E7;'>Cna</span> MSK194,"<span style='color:#0A6003;'><span style='color:#0A6003;'>Cyo</span></span> c21Ua 68<sup style=""vertical-align: super;"">T</sup>"
Cna_MSK194,Cyo_KPL2619,39.9,[37.4 - 42.4%],0.0998,2.65,<span style='color:#8200E7;'>Cna</span> MSK194,<span style='color:#0A6003;'><span style='color:#0A6003;'>Cyo</span></span> KPL2619
Cna_MSK194,Cyo_MSK136,40.1,[37.6 - 42.6%],0.0992,2.76,<span style='color:#8200E7;'>Cna</span> MSK194,<span style='color:#0A6003;'><span style='color:#0A6003;'>Cyo</span></span> MSK136
Ctu_DSM_44922,Ccu_c8Ua_181,34.5,[32 - 37%],0.1205,0.55,"<span style='color:#002BFF;'>Ctu</span> DSM 44922<sup style=""vertical-align: super;"">T</sup>","<span style='color:#FF00FF;'>Ccu</span> c8Ua 181<sup style=""vertical-align: super;"">T</sup>"
Ctu_DSM_44922,Ccu_CTNIH19,34.4,[32 - 36.9%],0.1207,0.54,"<span style='color:#002BFF;'>Ctu</span> DSM 44922<sup style=""vertical-align: super;"">T</sup>",<span style='color:#FF00FF;'>Ccu</span> CTNIH19
Ctu_DSM_44922,Cha_CTNIH20,37,[34.6 - 39.6%],0.11,1.23,"<span style='color:#002BFF;'>Ctu</span> DSM 44922<sup style=""vertical-align: super;"">T</sup>",<span style='color:#0ABF00;'>Cha</span> CTNIH20
Ctu_DSM_44922,Cha_CTNIH21,37,[34.5 - 39.5%],0.1102,1.2,"<span style='color:#002BFF;'>Ctu</span> DSM 44922<sup style=""vertical-align: super;"">T</sup>",<span style='color:#0ABF00;'>Cha</span> CTNIH21
Ctu_DSM_44922,Cha_CTNIH22,37.1,[34.6 - 39.6%],0.1099,1.23,"<span style='color:#002BFF;'>Ctu</span> DSM 44922<sup style=""vertical-align: super;"">T</sup>","<span style='color:#0ABF00;'>Cha</span> CTNIH22<sup style=""vertical-align: super;"">T</sup>"
Ctu_DSM_44922,Cha_CTNIH23,37.3,[34.9 - 39.8%],0.109,1.32,"<span style='color:#002BFF;'>Ctu</span> DSM 44922<sup style=""vertical-align: super;"">T</sup>",<span style='color:#0ABF00;'>Cha</span> CTNIH23
Ctu_DSM_44922,Cke_CTNIH24,36.1,[33.6 - 38.6%],0.1138,0.92,"<span style='color:#002BFF;'>Ctu</span> DSM 44922<sup style=""vertical-align: super;"">T</sup>",<span style='color:#8200E7;'>Cna</span> CTNIH24
Ctu_DSM_44922,Cke_CTNIH27,35.9,[33.5 - 38.5%],0.1143,0.88,"<span style='color:#002BFF;'>Ctu</span> DSM 44922<sup style=""vertical-align: super;"">T</sup>",<span style='color:#8200E7;'>Cna</span> CTNIH27
Ctu_DSM_44922,Cke_EYE_437,36.7,[34.2 - 39.2%],0.1115,1.09,"<span style='color:#002BFF;'>Ctu</span> DSM 44922<sup style=""vertical-align: super;"">T</sup>",<span style='color:#8200E7;'><span style='color:#8200E7;'>Cke</span></span> EYE_437
Ctu_DSM_44922,Cke_FDAARGOS_1055,36.3,[33.8 - 38.8%],0.113,0.98,"<span style='color:#002BFF;'>Ctu</span> DSM 44922<sup style=""vertical-align: super;"">T</sup>",<span style='color:#8200E7;'>Cke</span> FDAARGOS 1055
Ctu_DSM_44922,Cke_LK1134,36.4,[33.9 - 38.9%],0.1126,1.01,"<span style='color:#002BFF;'>Ctu</span> DSM 44922<sup style=""vertical-align: super;"">T</sup>",<span style='color:#8200E7;'><span style='color:#8200E7;'>Cke</span></span> LK1134
Ctu_DSM_44922,Cke_YSMAA5_1_D11,36.4,[34 - 38.9%],0.1124,1.02,"<span style='color:#002BFF;'>Ctu</span> DSM 44922<sup style=""vertical-align: super;"">T</sup>",<span style='color:#8200E7;'>Cke</span> YSMAA5_1_D11
Ctu_DSM_44922,Cmq_c19Ua_121,55.6,[52.8 - 58.3%],0.0598,36.95,"<span style='color:#002BFF;'>Ctu</span> DSM 44922<sup style=""vertical-align: super;"">T</sup>","<span style='color:#39D9E5;'>Cmq</span> c19Ua 121<sup style=""vertical-align: super;"">T</sup>"
Ctu_DSM_44922,Cmq_KPL4083,53.7,[51 - 56.4%],0.0634,30.69,"<span style='color:#002BFF;'>Ctu</span> DSM 44922<sup style=""vertical-align: super;"">T</sup>",<span style='color:#39D9E5;'>Cmq</span> KPL4083
Ctu_DSM_44922,Cmq_MSK144,55.1,[52.4 - 57.9%],0.0606,35.49,"<span style='color:#002BFF;'>Ctu</span> DSM 44922<sup style=""vertical-align: super;"">T</sup>",<span style='color:#39D9E5;'>Cmq</span> MSK144
Ctu_DSM_44922,Cna_KPL2825,36.1,[33.6 - 38.6%],0.1138,0.92,"<span style='color:#002BFF;'>Ctu</span> DSM 44922<sup style=""vertical-align: super;"">T</sup>",<span style='color:#8200E7;'>Cna</span> KPL2825
Ctu_DSM_44922,Cna_KPL3649,36.3,[33.9 - 38.8%],0.1129,0.99,"<span style='color:#002BFF;'>Ctu</span> DSM 44922<sup style=""vertical-align: super;"">T</sup>",<span style='color:#8200E7;'>Cna</span> KPL3649
Ctu_DSM_44922,Cna_KPL3804,36.3,[33.8 - 38.8%],0.113,0.97,"<span style='color:#002BFF;'>Ctu</span> DSM 44922<sup style=""vertical-align: super;"">T</sup>","<span style='color:#8200E7;'>Cna</span> KPL3804<sup style=""vertical-align: super;"">T</sup>"
Ctu_DSM_44922,Cna_KPL4035,36.2,[33.7 - 38.7%],0.1135,0.94,"<span style='color:#002BFF;'>Ctu</span> DSM 44922<sup style=""vertical-align: super;"">T</sup>",<span style='color:#8200E7;'>Cna</span> KPL4035
Ctu_DSM_44922,Cna_KPL4072,35.9,[33.4 - 38.4%],0.1147,0.86,"<span style='color:#002BFF;'>Ctu</span> DSM 44922<sup style=""vertical-align: super;"">T</sup>",<span style='color:#8200E7;'>Cna</span> KPL4072
Ctu_DSM_44922,Cna_MSK071,36.3,[33.8 - 38.8%],0.1129,0.98,"<span style='color:#002BFF;'>Ctu</span> DSM 44922<sup style=""vertical-align: super;"">T</sup>",<span style='color:#8200E7;'>Cna</span> MSK071
Ctu_DSM_44922,Cna_MSK185,36.3,[33.9 - 38.8%],0.1128,0.99,"<span style='color:#002BFF;'>Ctu</span> DSM 44922<sup style=""vertical-align: super;"">T</sup>",<span style='color:#8200E7;'>Cna</span> MSK185
Ctu_DSM_44922,Cna_MSK194,36.3,[33.8 - 38.8%],0.1129,0.98,"<span style='color:#002BFF;'>Ctu</span> DSM 44922<sup style=""vertical-align: super;"">T</sup>",<span style='color:#8200E7;'>Cna</span> MSK194
Ctu_DSM_44922,Ctu_DSM_44922,100,[100 - NaN%],0,98.3,"<span style='color:#002BFF;'>Ctu</span> DSM 44922<sup style=""vertical-align: super;"">T</sup>","<span style='color:#002BFF;'>Ctu</span> DSM 44922<sup style=""vertical-align: super;"">T</sup>"
Ctu_DSM_44922,Ctu_KPL3807,60.6,[57.8 - 63.4%],0.0505,54.44,"<span style='color:#002BFF;'>Ctu</span> DSM 44922<sup style=""vertical-align: super;"">T</sup>",<span style='color:#002BFF;'>Ctu</span> KPL3807
Ctu_DSM_44922,Ctu_MSK207,63.4,[60.5 - 66.2%],0.0459,62.98,"<span style='color:#002BFF;'>Ctu</span> DSM 44922<sup style=""vertical-align: super;"">T</sup>",<span style='color:#002BFF;'>Ctu</span> MSK207
Ctu_DSM_44922,Ctu_SK141,67.2,[64.3 - 70.1%],0.0401,72.74,"<span style='color:#002BFF;'>Ctu</span> DSM 44922<sup style=""vertical-align: super;"">T</sup>",<span style='color:#002BFF;'>Ctu</span> SK141
Ctu_DSM_44922,Cyo_c21Ua_68,36.4,[34 - 38.9%],0.1124,1.02,"<span style='color:#002BFF;'>Ctu</span> DSM 44922<sup style=""vertical-align: super;"">T</sup>","<span style='color:#0A6003;'><span style='color:#0A6003;'>Cyo</span></span> c21Ua 68<sup style=""vertical-align: super;"">T</sup>"
Ctu_DSM_44922,Cyo_KPL2619,36.5,[34.1 - 39%],0.112,1.05,"<span style='color:#002BFF;'>Ctu</span> DSM 44922<sup style=""vertical-align: super;"">T</sup>",<span style='color:#0A6003;'><span style='color:#0A6003;'>Cyo</span></span> KPL2619
Ctu_DSM_44922,Cyo_MSK136,36.5,[34.1 - 39%],0.112,1.05,"<span style='color:#002BFF;'>Ctu</span> DSM 44922<sup style=""vertical-align: super;"">T</sup>",<span style='color:#0A6003;'><span style='color:#0A6003;'>Cyo</span></span> MSK136
Ctu_KPL3807,Ccu_c8Ua_181,34.8,[32.4 - 37.3%],0.1189,0.62,<span style='color:#002BFF;'>Ctu</span> KPL3807,"<span style='color:#FF00FF;'>Ccu</span> c8Ua 181<sup style=""vertical-align: super;"">T</sup>"
Ctu_KPL3807,Ccu_CTNIH19,34.8,[32.4 - 37.4%],0.1188,0.63,<span style='color:#002BFF;'>Ctu</span> KPL3807,<span style='color:#FF00FF;'>Ccu</span> CTNIH19
Ctu_KPL3807,Cha_CTNIH20,37.9,[35.4 - 40.4%],0.1068,1.56,<span style='color:#002BFF;'>Ctu</span> KPL3807,<span style='color:#0ABF00;'>Cha</span> CTNIH20
Ctu_KPL3807,Cha_CTNIH21,38.1,[35.7 - 40.6%],0.106,1.66,<span style='color:#002BFF;'>Ctu</span> KPL3807,<span style='color:#0ABF00;'>Cha</span> CTNIH21
Ctu_KPL3807,Cha_CTNIH22,37.6,[35.2 - 40.2%],0.10780000000000001,1.45,<span style='color:#002BFF;'>Ctu</span> KPL3807,"<span style='color:#0ABF00;'>Cha</span> CTNIH22<sup style=""vertical-align: super;"">T</sup>"
Ctu_KPL3807,Cha_CTNIH23,38.6,[36.1 - 41.1%],0.1043,1.89,<span style='color:#002BFF;'>Ctu</span> KPL3807,<span style='color:#0ABF00;'>Cha</span> CTNIH23
Ctu_KPL3807,Cke_CTNIH24,35.2,[32.8 - 37.7%],0.1174,0.7,<span style='color:#002BFF;'>Ctu</span> KPL3807,<span style='color:#8200E7;'>Cna</span> CTNIH24
Ctu_KPL3807,Cke_CTNIH27,35.3,[32.8 - 37.8%],0.1171,0.71,<span style='color:#002BFF;'>Ctu</span> KPL3807,<span style='color:#8200E7;'>Cna</span> CTNIH27
Ctu_KPL3807,Cke_EYE_437,35.5,[33.1 - 38.1%],0.1159,0.78,<span style='color:#002BFF;'>Ctu</span> KPL3807,<span style='color:#8200E7;'><span style='color:#8200E7;'>Cke</span></span> EYE_437
Ctu_KPL3807,Cke_FDAARGOS_1055,35.3,[32.9 - 37.8%],0.1169,0.72,<span style='color:#002BFF;'>Ctu</span> KPL3807,<span style='color:#8200E7;'>Cke</span> FDAARGOS 1055
Ctu_KPL3807,Cke_LK1134,35.4,[33 - 38%],0.1164,0.76,<span style='color:#002BFF;'>Ctu</span> KPL3807,<span style='color:#8200E7;'><span style='color:#8200E7;'>Cke</span></span> LK1134
Ctu_KPL3807,Cke_YSMAA5_1_D11,35.3,[32.8 - 37.8%],0.1171,0.72,<span style='color:#002BFF;'>Ctu</span> KPL3807,<span style='color:#8200E7;'>Cke</span> YSMAA5_1_D11
Ctu_KPL3807,Cmq_c19Ua_121,55.4,[52.7 - 58.2%],0.06,36.54,<span style='color:#002BFF;'>Ctu</span> KPL3807,"<span style='color:#39D9E5;'>Cmq</span> c19Ua 121<sup style=""vertical-align: super;"">T</sup>"
Ctu_KPL3807,Cmq_KPL4083,53.1,[50.4 - 55.8%],0.0648,28.54,<span style='color:#002BFF;'>Ctu</span> KPL3807,<span style='color:#39D9E5;'>Cmq</span> KPL4083
Ctu_KPL3807,Cmq_MSK144,54.5,[51.8 - 57.2%],0.0619,33.34,<span style='color:#002BFF;'>Ctu</span> KPL3807,<span style='color:#39D9E5;'>Cmq</span> MSK144
Ctu_KPL3807,Cna_KPL2825,35.1,[32.7 - 37.7%],0.1176,0.69,<span style='color:#002BFF;'>Ctu</span> KPL3807,<span style='color:#8200E7;'>Cna</span> KPL2825
Ctu_KPL3807,Cna_KPL3649,35.3,[32.9 - 37.8%],0.1168,0.73,<span style='color:#002BFF;'>Ctu</span> KPL3807,<span style='color:#8200E7;'>Cna</span> KPL3649
Ctu_KPL3807,Cna_KPL3804,35.2,[32.8 - 37.7%],0.1172,0.71,<span style='color:#002BFF;'>Ctu</span> KPL3807,"<span style='color:#8200E7;'>Cna</span> KPL3804<sup style=""vertical-align: super;"">T</sup>"
Ctu_KPL3807,Cna_KPL4035,35.3,[32.9 - 37.8%],0.1169,0.72,<span style='color:#002BFF;'>Ctu</span> KPL3807,<span style='color:#8200E7;'>Cna</span> KPL4035
Ctu_KPL3807,Cna_KPL4072,35,[32.6 - 37.5%],0.1181,0.66,<span style='color:#002BFF;'>Ctu</span> KPL3807,<span style='color:#8200E7;'>Cna</span> KPL4072
Ctu_KPL3807,Cna_MSK071,35.3,[32.9 - 37.8%],0.1168,0.73,<span style='color:#002BFF;'>Ctu</span> KPL3807,<span style='color:#8200E7;'>Cna</span> MSK071
Ctu_KPL3807,Cna_MSK185,35.3,[32.9 - 37.8%],0.1169,0.72,<span style='color:#002BFF;'>Ctu</span> KPL3807,<span style='color:#8200E7;'>Cna</span> MSK185
Ctu_KPL3807,Cna_MSK194,35.2,[32.8 - 37.7%],0.1173,0.7,<span style='color:#002BFF;'>Ctu</span> KPL3807,<span style='color:#8200E7;'>Cna</span> MSK194
Ctu_KPL3807,Ctu_DSM_44922,60.6,[57.8 - 63.4%],0.0505,54.44,<span style='color:#002BFF;'>Ctu</span> KPL3807,"<span style='color:#002BFF;'>Ctu</span> DSM 44922<sup style=""vertical-align: super;"">T</sup>"
Ctu_KPL3807,Ctu_KPL3807,100,[100 - NaN%],0,98.3,<span style='color:#002BFF;'>Ctu</span> KPL3807,<span style='color:#002BFF;'>Ctu</span> KPL3807
Ctu_KPL3807,Ctu_MSK207,64,[61.1 - 66.8%],0.045,64.69,<span style='color:#002BFF;'>Ctu</span> KPL3807,<span style='color:#002BFF;'>Ctu</span> MSK207
Ctu_KPL3807,Ctu_SK141,60,[57.1 - 62.8%],0.0516,52.29,<span style='color:#002BFF;'>Ctu</span> KPL3807,<span style='color:#002BFF;'>Ctu</span> SK141
Ctu_KPL3807,Cyo_c21Ua_68,35.9,[33.5 - 38.4%],0.1145,0.87,<span style='color:#002BFF;'>Ctu</span> KPL3807,"<span style='color:#0A6003;'><span style='color:#0A6003;'>Cyo</span></span> c21Ua 68<sup style=""vertical-align: super;"">T</sup>"
Ctu_KPL3807,Cyo_KPL2619,35.9,[33.5 - 38.5%],0.1143,0.88,<span style='color:#002BFF;'>Ctu</span> KPL3807,<span style='color:#0A6003;'><span style='color:#0A6003;'>Cyo</span></span> KPL2619
Ctu_KPL3807,Cyo_MSK136,35.9,[33.5 - 38.4%],0.1144,0.88,<span style='color:#002BFF;'>Ctu</span> KPL3807,<span style='color:#0A6003;'><span style='color:#0A6003;'>Cyo</span></span> MSK136
Ctu_MSK207,Ccu_c8Ua_181,34.7,[32.3 - 37.2%],0.1194,0.6,<span style='color:#002BFF;'>Ctu</span> MSK207,"<span style='color:#FF00FF;'>Ccu</span> c8Ua 181<sup style=""vertical-align: super;"">T</sup>"
Ctu_MSK207,Ccu_CTNIH19,34.6,[32.2 - 37.1%],0.1198,0.58,<span style='color:#002BFF;'>Ctu</span> MSK207,<span style='color:#FF00FF;'>Ccu</span> CTNIH19
Ctu_MSK207,Cha_CTNIH20,37.2,[34.7 - 39.7%],0.1094,1.28,<span style='color:#002BFF;'>Ctu</span> MSK207,<span style='color:#0ABF00;'>Cha</span> CTNIH20
Ctu_MSK207,Cha_CTNIH21,37.3,[34.9 - 39.8%],0.1089,1.33,<span style='color:#002BFF;'>Ctu</span> MSK207,<span style='color:#0ABF00;'>Cha</span> CTNIH21
Ctu_MSK207,Cha_CTNIH22,37,[34.5 - 39.5%],0.1103,1.2,<span style='color:#002BFF;'>Ctu</span> MSK207,"<span style='color:#0ABF00;'>Cha</span> CTNIH22<sup style=""vertical-align: super;"">T</sup>"
Ctu_MSK207,Cha_CTNIH23,37.6,[35.1 - 40.1%],0.1079,1.44,<span style='color:#002BFF;'>Ctu</span> MSK207,<span style='color:#0ABF00;'>Cha</span> CTNIH23
Ctu_MSK207,Cke_CTNIH24,35.3,[32.9 - 37.8%],0.1169,0.73,<span style='color:#002BFF;'>Ctu</span> MSK207,<span style='color:#8200E7;'>Cna</span> CTNIH24
Ctu_MSK207,Cke_CTNIH27,35.3,[32.8 - 37.8%],0.1171,0.72,<span style='color:#002BFF;'>Ctu</span> MSK207,<span style='color:#8200E7;'>Cna</span> CTNIH27
Ctu_MSK207,Cke_EYE_437,35.7,[33.3 - 38.2%],0.1152,0.83,<span style='color:#002BFF;'>Ctu</span> MSK207,<span style='color:#8200E7;'><span style='color:#8200E7;'>Cke</span></span> EYE_437
Ctu_MSK207,Cke_FDAARGOS_1055,35.5,[33.1 - 38.1%],0.1159,0.78,<span style='color:#002BFF;'>Ctu</span> MSK207,<span style='color:#8200E7;'>Cke</span> FDAARGOS 1055
Ctu_MSK207,Cke_LK1134,35.8,[33.3 - 38.3%],0.115,0.84,<span style='color:#002BFF;'>Ctu</span> MSK207,<span style='color:#8200E7;'><span style='color:#8200E7;'>Cke</span></span> LK1134
Ctu_MSK207,Cke_YSMAA5_1_D11,35.6,[33.1 - 38.1%],0.1157,0.79,<span style='color:#002BFF;'>Ctu</span> MSK207,<span style='color:#8200E7;'>Cke</span> YSMAA5_1_D11
Ctu_MSK207,Cmq_c19Ua_121,55.8,[53 - 58.5%],0.0594,37.71,<span style='color:#002BFF;'>Ctu</span> MSK207,"<span style='color:#39D9E5;'>Cmq</span> c19Ua 121<sup style=""vertical-align: super;"">T</sup>"
Ctu_MSK207,Cmq_KPL4083,53.1,[50.4 - 55.8%],0.0647,28.64,<span style='color:#002BFF;'>Ctu</span> MSK207,<span style='color:#39D9E5;'>Cmq</span> KPL4083
Ctu_MSK207,Cmq_MSK144,54.8,[52 - 57.4%],0.0614,34.11,<span style='color:#002BFF;'>Ctu</span> MSK207,<span style='color:#39D9E5;'>Cmq</span> MSK144
Ctu_MSK207,Cna_KPL2825,35.2,[32.7 - 37.7%],0.1174,0.7,<span style='color:#002BFF;'>Ctu</span> MSK207,<span style='color:#8200E7;'>Cna</span> KPL2825
Ctu_MSK207,Cna_KPL3649,35.4,[33 - 37.9%],0.1165,0.75,<span style='color:#002BFF;'>Ctu</span> MSK207,<span style='color:#8200E7;'>Cna</span> KPL3649
Ctu_MSK207,Cna_KPL3804,35.5,[33.1 - 38.1%],0.1159,0.78,<span style='color:#002BFF;'>Ctu</span> MSK207,"<span style='color:#8200E7;'>Cna</span> KPL3804<sup style=""vertical-align: super;"">T</sup>"
Ctu_MSK207,Cna_KPL4035,35.3,[32.9 - 37.8%],0.1168,0.73,<span style='color:#002BFF;'>Ctu</span> MSK207,<span style='color:#8200E7;'>Cna</span> KPL4035
Ctu_MSK207,Cna_KPL4072,35.2,[32.8 - 37.7%],0.1174,0.7,<span style='color:#002BFF;'>Ctu</span> MSK207,<span style='color:#8200E7;'>Cna</span> KPL4072
Ctu_MSK207,Cna_MSK071,35.4,[33 - 37.9%],0.1165,0.75,<span style='color:#002BFF;'>Ctu</span> MSK207,<span style='color:#8200E7;'>Cna</span> MSK071
Ctu_MSK207,Cna_MSK185,35.6,[33.1 - 38.1%],0.1158,0.79,<span style='color:#002BFF;'>Ctu</span> MSK207,<span style='color:#8200E7;'>Cna</span> MSK185
Ctu_MSK207,Cna_MSK194,35.5,[33.1 - 38%],0.1161,0.77,<span style='color:#002BFF;'>Ctu</span> MSK207,<span style='color:#8200E7;'>Cna</span> MSK194
Ctu_MSK207,Ctu_DSM_44922,63.4,[60.5 - 66.2%],0.0459,62.98,<span style='color:#002BFF;'>Ctu</span> MSK207,"<span style='color:#002BFF;'>Ctu</span> DSM 44922<sup style=""vertical-align: super;"">T</sup>"
Ctu_MSK207,Ctu_KPL3807,64,[61.1 - 66.8%],0.045,64.69,<span style='color:#002BFF;'>Ctu</span> MSK207,<span style='color:#002BFF;'>Ctu</span> KPL3807
Ctu_MSK207,Ctu_MSK207,100,[100 - NaN%],0,98.3,<span style='color:#002BFF;'>Ctu</span> MSK207,<span style='color:#002BFF;'>Ctu</span> MSK207
Ctu_MSK207,Ctu_SK141,62.6,[59.7 - 65.4%],0.0473,60.51,<span style='color:#002BFF;'>Ctu</span> MSK207,<span style='color:#002BFF;'>Ctu</span> SK141
Ctu_MSK207,Cyo_c21Ua_68,35.9,[33.4 - 38.4%],0.1145,0.87,<span style='color:#002BFF;'>Ctu</span> MSK207,"<span style='color:#0A6003;'><span style='color:#0A6003;'>Cyo</span></span> c21Ua 68<sup style=""vertical-align: super;"">T</sup>"
Ctu_MSK207,Cyo_KPL2619,36,[33.5 - 38.5%],0.1143,0.89,<span style='color:#002BFF;'>Ctu</span> MSK207,<span style='color:#0A6003;'><span style='color:#0A6003;'>Cyo</span></span> KPL2619
Ctu_MSK207,Cyo_MSK136,36,[33.5 - 38.5%],0.1142,0.89,<span style='color:#002BFF;'>Ctu</span> MSK207,<span style='color:#0A6003;'><span style='color:#0A6003;'>Cyo</span></span> MSK136
Ctu_SK141,Ccu_c8Ua_181,34.5,[32 - 37%],0.1204,0.56,<span style='color:#002BFF;'>Ctu</span> SK141,"<span style='color:#FF00FF;'>Ccu</span> c8Ua 181<sup style=""vertical-align: super;"">T</sup>"
Ctu_SK141,Ccu_CTNIH19,34.5,[32.1 - 37%],0.1202,0.56,<span style='color:#002BFF;'>Ctu</span> SK141,<span style='color:#FF00FF;'>Ccu</span> CTNIH19
Ctu_SK141,Cha_CTNIH20,36.8,[34.3 - 39.3%],0.111,1.13,<span style='color:#002BFF;'>Ctu</span> SK141,<span style='color:#0ABF00;'>Cha</span> CTNIH20
Ctu_SK141,Cha_CTNIH21,36.8,[34.4 - 39.3%],0.1108,1.15,<span style='color:#002BFF;'>Ctu</span> SK141,<span style='color:#0ABF00;'>Cha</span> CTNIH21
Ctu_SK141,Cha_CTNIH22,36.9,[34.4 - 39.4%],0.1107,1.16,<span style='color:#002BFF;'>Ctu</span> SK141,"<span style='color:#0ABF00;'>Cha</span> CTNIH22<sup style=""vertical-align: super;"">T</sup>"
Ctu_SK141,Cha_CTNIH23,37.1,[34.6 - 39.6%],0.1099,1.23,<span style='color:#002BFF;'>Ctu</span> SK141,<span style='color:#0ABF00;'>Cha</span> CTNIH23
Ctu_SK141,Cke_CTNIH24,36,[33.6 - 38.5%],0.114,0.9,<span style='color:#002BFF;'>Ctu</span> SK141,<span style='color:#8200E7;'>Cna</span> CTNIH24
Ctu_SK141,Cke_CTNIH27,36.1,[33.6 - 38.6%],0.1137,0.92,<span style='color:#002BFF;'>Ctu</span> SK141,<span style='color:#8200E7;'>Cna</span> CTNIH27
Ctu_SK141,Cke_EYE_437,36.6,[34.1 - 39.1%],0.1118,1.07,<span style='color:#002BFF;'>Ctu</span> SK141,<span style='color:#8200E7;'><span style='color:#8200E7;'>Cke</span></span> EYE_437
Ctu_SK141,Cke_FDAARGOS_1055,36.2,[33.8 - 38.8%],0.1131,0.97,<span style='color:#002BFF;'>Ctu</span> SK141,<span style='color:#8200E7;'>Cke</span> FDAARGOS 1055
Ctu_SK141,Cke_LK1134,36.4,[34 - 38.9%],0.1125,1.01,<span style='color:#002BFF;'>Ctu</span> SK141,<span style='color:#8200E7;'><span style='color:#8200E7;'>Cke</span></span> LK1134
Ctu_SK141,Cke_YSMAA5_1_D11,36.6,[34.1 - 39.1%],0.1118,1.07,<span style='color:#002BFF;'>Ctu</span> SK141,<span style='color:#8200E7;'>Cke</span> YSMAA5_1_D11
Ctu_SK141,Cmq_c19Ua_121,55.3,[52.5 - 58%],0.0603,35.97,<span style='color:#002BFF;'>Ctu</span> SK141,"<span style='color:#39D9E5;'>Cmq</span> c19Ua 121<sup style=""vertical-align: super;"">T</sup>"
Ctu_SK141,Cmq_KPL4083,53.1,[50.4 - 55.8%],0.0647,28.64,<span style='color:#002BFF;'>Ctu</span> SK141,<span style='color:#39D9E5;'>Cmq</span> KPL4083
Ctu_SK141,Cmq_MSK144,53.9,[51.2 - 56.6%],0.063,31.36,<span style='color:#002BFF;'>Ctu</span> SK141,<span style='color:#39D9E5;'>Cmq</span> MSK144
Ctu_SK141,Cna_KPL2825,36,[33.6 - 38.5%],0.114,0.9,<span style='color:#002BFF;'>Ctu</span> SK141,<span style='color:#8200E7;'>Cna</span> KPL2825
Ctu_SK141,Cna_KPL3649,36.2,[33.8 - 38.8%],0.1131,0.97,<span style='color:#002BFF;'>Ctu</span> SK141,<span style='color:#8200E7;'>Cna</span> KPL3649
Ctu_SK141,Cna_KPL3804,36.5,[34 - 39%],0.1122,1.04,<span style='color:#002BFF;'>Ctu</span> SK141,"<span style='color:#8200E7;'>Cna</span> KPL3804<sup style=""vertical-align: super;"">T</sup>"
Ctu_SK141,Cna_KPL4035,36.3,[33.8 - 38.8%],0.113,0.97,<span style='color:#002BFF;'>Ctu</span> SK141,<span style='color:#8200E7;'>Cna</span> KPL4035
Ctu_SK141,Cna_KPL4072,36,[33.6 - 38.6%],0.1139,0.91,<span style='color:#002BFF;'>Ctu</span> SK141,<span style='color:#8200E7;'>Cna</span> KPL4072
Ctu_SK141,Cna_MSK071,36.2,[33.8 - 38.8%],0.1131,0.97,<span style='color:#002BFF;'>Ctu</span> SK141,<span style='color:#8200E7;'>Cna</span> MSK071
Ctu_SK141,Cna_MSK185,36.5,[34.1 - 39%],0.112,1.05,<span style='color:#002BFF;'>Ctu</span> SK141,<span style='color:#8200E7;'>Cna</span> MSK185
Ctu_SK141,Cna_MSK194,36.5,[34 - 39%],0.1123,1.03,<span style='color:#002BFF;'>Ctu</span> SK141,<span style='color:#8200E7;'>Cna</span> MSK194
Ctu_SK141,Ctu_DSM_44922,67.2,[64.3 - 70.1%],0.0401,72.74,<span style='color:#002BFF;'>Ctu</span> SK141,"<span style='color:#002BFF;'>Ctu</span> DSM 44922<sup style=""vertical-align: super;"">T</sup>"
Ctu_SK141,Ctu_KPL3807,60,[57.1 - 62.8%],0.0516,52.29,<span style='color:#002BFF;'>Ctu</span> SK141,<span style='color:#002BFF;'>Ctu</span> KPL3807
Ctu_SK141,Ctu_MSK207,62.6,[59.7 - 65.4%],0.0473,60.51,<span style='color:#002BFF;'>Ctu</span> SK141,<span style='color:#002BFF;'>Ctu</span> MSK207
Ctu_SK141,Ctu_SK141,100,[100 - NaN%],0,98.3,<span style='color:#002BFF;'>Ctu</span> SK141,<span style='color:#002BFF;'>Ctu</span> SK141
Ctu_SK141,Cyo_c21Ua_68,36.2,[33.8 - 38.7%],0.1132,0.96,<span style='color:#002BFF;'>Ctu</span> SK141,"<span style='color:#0A6003;'><span style='color:#0A6003;'>Cyo</span></span> c21Ua 68<sup style=""vertical-align: super;"">T</sup>"
Ctu_SK141,Cyo_KPL2619,36.2,[33.7 - 38.7%],0.1133,0.95,<span style='color:#002BFF;'>Ctu</span> SK141,<span style='color:#0A6003;'><span style='color:#0A6003;'>Cyo</span></span> KPL2619
Ctu_SK141,Cyo_MSK136,36.3,[33.8 - 38.8%],0.1131,0.97,<span style='color:#002BFF;'>Ctu</span> SK141,<span style='color:#0A6003;'><span style='color:#0A6003;'>Cyo</span></span> MSK136
Cyo_c21Ua_68,Ccu_c8Ua_181,31.6,[29.2 - 34.1%],0.1338,0.2,"<span style='color:#0A6003;'><span style='color:#0A6003;'>Cyo</span></span> c21Ua 68<sup style=""vertical-align: super;"">T</sup>","<span style='color:#FF00FF;'>Ccu</span> c8Ua 181<sup style=""vertical-align: super;"">T</sup>"
Cyo_c21Ua_68,Ccu_CTNIH19,31.4,[29 - 33.9%],0.1346,0.19,"<span style='color:#0A6003;'><span style='color:#0A6003;'>Cyo</span></span> c21Ua 68<sup style=""vertical-align: super;"">T</sup>",<span style='color:#FF00FF;'>Ccu</span> CTNIH19
Cyo_c21Ua_68,Cha_CTNIH20,32.6,[30.2 - 35.1%],0.1287,0.29,"<span style='color:#0A6003;'><span style='color:#0A6003;'>Cyo</span></span> c21Ua 68<sup style=""vertical-align: super;"">T</sup>",<span style='color:#0ABF00;'>Cha</span> CTNIH20
Cyo_c21Ua_68,Cha_CTNIH21,32.3,[29.9 - 34.8%],0.1302,0.26,"<span style='color:#0A6003;'><span style='color:#0A6003;'>Cyo</span></span> c21Ua 68<sup style=""vertical-align: super;"">T</sup>",<span style='color:#0ABF00;'>Cha</span> CTNIH21
Cyo_c21Ua_68,Cha_CTNIH22,33,[30.6 - 35.5%],0.1271,0.33,"<span style='color:#0A6003;'><span style='color:#0A6003;'>Cyo</span></span> c21Ua 68<sup style=""vertical-align: super;"">T</sup>","<span style='color:#0ABF00;'>Cha</span> CTNIH22<sup style=""vertical-align: super;"">T</sup>"
Cyo_c21Ua_68,Cha_CTNIH23,32.3,[29.9 - 34.9%],0.1301,0.26,"<span style='color:#0A6003;'><span style='color:#0A6003;'>Cyo</span></span> c21Ua 68<sup style=""vertical-align: super;"">T</sup>",<span style='color:#0ABF00;'>Cha</span> CTNIH23
Cyo_c21Ua_68,Cke_CTNIH24,40.1,[37.6 - 42.6%],0.0991,2.78,"<span style='color:#0A6003;'><span style='color:#0A6003;'>Cyo</span></span> c21Ua 68<sup style=""vertical-align: super;"">T</sup>",<span style='color:#8200E7;'>Cna</span> CTNIH24
Cyo_c21Ua_68,Cke_CTNIH27,40.4,[37.9 - 43%],0.0981,3.01,"<span style='color:#0A6003;'><span style='color:#0A6003;'>Cyo</span></span> c21Ua 68<sup style=""vertical-align: super;"">T</sup>",<span style='color:#8200E7;'>Cna</span> CTNIH27
Cyo_c21Ua_68,Cke_EYE_437,40.3,[37.8 - 42.8%],0.0985,2.9,"<span style='color:#0A6003;'><span style='color:#0A6003;'>Cyo</span></span> c21Ua 68<sup style=""vertical-align: super;"">T</sup>",<span style='color:#8200E7;'><span style='color:#8200E7;'>Cke</span></span> EYE_437
Cyo_c21Ua_68,Cke_FDAARGOS_1055,40.6,[38.1 - 43.1%],0.0975,3.14,"<span style='color:#0A6003;'><span style='color:#0A6003;'>Cyo</span></span> c21Ua 68<sup style=""vertical-align: super;"">T</sup>",<span style='color:#8200E7;'>Cke</span> FDAARGOS 1055
Cyo_c21Ua_68,Cke_LK1134,40.1,[37.6 - 42.6%],0.0992,2.77,"<span style='color:#0A6003;'><span style='color:#0A6003;'>Cyo</span></span> c21Ua 68<sup style=""vertical-align: super;"">T</sup>",<span style='color:#8200E7;'><span style='color:#8200E7;'>Cke</span></span> LK1134
Cyo_c21Ua_68,Cke_YSMAA5_1_D11,40.2,[37.7 - 42.8%],0.0987,2.87,"<span style='color:#0A6003;'><span style='color:#0A6003;'>Cyo</span></span> c21Ua 68<sup style=""vertical-align: super;"">T</sup>",<span style='color:#8200E7;'>Cke</span> YSMAA5_1_D11
Cyo_c21Ua_68,Cmq_c19Ua_121,35.9,[33.4 - 38.4%],0.1145,0.87,"<span style='color:#0A6003;'><span style='color:#0A6003;'>Cyo</span></span> c21Ua 68<sup style=""vertical-align: super;"">T</sup>","<span style='color:#39D9E5;'>Cmq</span> c19Ua 121<sup style=""vertical-align: super;"">T</sup>"
Cyo_c21Ua_68,Cmq_KPL4083,35.8,[33.4 - 38.3%],0.1148,0.85,"<span style='color:#0A6003;'><span style='color:#0A6003;'>Cyo</span></span> c21Ua 68<sup style=""vertical-align: super;"">T</sup>",<span style='color:#39D9E5;'>Cmq</span> KPL4083
Cyo_c21Ua_68,Cmq_MSK144,36.1,[33.7 - 38.6%],0.1136,0.93,"<span style='color:#0A6003;'><span style='color:#0A6003;'>Cyo</span></span> c21Ua 68<sup style=""vertical-align: super;"">T</sup>",<span style='color:#39D9E5;'>Cmq</span> MSK144
Cyo_c21Ua_68,Cna_KPL2825,40.5,[38 - 43%],0.0977,3.08,"<span style='color:#0A6003;'><span style='color:#0A6003;'>Cyo</span></span> c21Ua 68<sup style=""vertical-align: super;"">T</sup>",<span style='color:#8200E7;'>Cna</span> KPL2825
Cyo_c21Ua_68,Cna_KPL3649,40.4,[37.9 - 42.9%],0.0982,2.98,"<span style='color:#0A6003;'><span style='color:#0A6003;'>Cyo</span></span> c21Ua 68<sup style=""vertical-align: super;"">T</sup>",<span style='color:#8200E7;'>Cna</span> KPL3649
Cyo_c21Ua_68,Cna_KPL3804,40.2,[37.7 - 42.7%],0.0989,2.82,"<span style='color:#0A6003;'><span style='color:#0A6003;'>Cyo</span></span> c21Ua 68<sup style=""vertical-align: super;"">T</sup>","<span style='color:#8200E7;'>Cna</span> KPL3804<sup style=""vertical-align: super;"">T</sup>"
Cyo_c21Ua_68,Cna_KPL4035,39.8,[37.3 - 42.3%],0.1001,2.58,"<span style='color:#0A6003;'><span style='color:#0A6003;'>Cyo</span></span> c21Ua 68<sup style=""vertical-align: super;"">T</sup>",<span style='color:#8200E7;'>Cna</span> KPL4035
Cyo_c21Ua_68,Cna_KPL4072,40,[37.5 - 42.6%],0.0993,2.74,"<span style='color:#0A6003;'><span style='color:#0A6003;'>Cyo</span></span> c21Ua 68<sup style=""vertical-align: super;"">T</sup>",<span style='color:#8200E7;'>Cna</span> KPL4072
Cyo_c21Ua_68,Cna_MSK071,40.4,[37.9 - 42.9%],0.0983,2.97,"<span style='color:#0A6003;'><span style='color:#0A6003;'>Cyo</span></span> c21Ua 68<sup style=""vertical-align: super;"">T</sup>",<span style='color:#8200E7;'>Cna</span> MSK071
Cyo_c21Ua_68,Cna_MSK185,40.6,[38.1 - 43.1%],0.0975,3.15,"<span style='color:#0A6003;'><span style='color:#0A6003;'>Cyo</span></span> c21Ua 68<sup style=""vertical-align: super;"">T</sup>",<span style='color:#8200E7;'>Cna</span> MSK185
Cyo_c21Ua_68,Cna_MSK194,40.1,[37.6 - 42.7%],0.099,2.81,"<span style='color:#0A6003;'><span style='color:#0A6003;'>Cyo</span></span> c21Ua 68<sup style=""vertical-align: super;"">T</sup>",<span style='color:#8200E7;'>Cna</span> MSK194
Cyo_c21Ua_68,Ctu_DSM_44922,36.4,[34 - 38.9%],0.1124,1.02,"<span style='color:#0A6003;'><span style='color:#0A6003;'>Cyo</span></span> c21Ua 68<sup style=""vertical-align: super;"">T</sup>","<span style='color:#002BFF;'>Ctu</span> DSM 44922<sup style=""vertical-align: super;"">T</sup>"
Cyo_c21Ua_68,Ctu_KPL3807,35.9,[33.5 - 38.4%],0.1145,0.87,"<span style='color:#0A6003;'><span style='color:#0A6003;'>Cyo</span></span> c21Ua 68<sup style=""vertical-align: super;"">T</sup>",<span style='color:#002BFF;'>Ctu</span> KPL3807
Cyo_c21Ua_68,Ctu_MSK207,35.9,[33.4 - 38.4%],0.1145,0.87,"<span style='color:#0A6003;'><span style='color:#0A6003;'>Cyo</span></span> c21Ua 68<sup style=""vertical-align: super;"">T</sup>",<span style='color:#002BFF;'>Ctu</span> MSK207
Cyo_c21Ua_68,Ctu_SK141,36.2,[33.8 - 38.7%],0.1132,0.96,"<span style='color:#0A6003;'><span style='color:#0A6003;'>Cyo</span></span> c21Ua 68<sup style=""vertical-align: super;"">T</sup>",<span style='color:#002BFF;'>Ctu</span> SK141
Cyo_c21Ua_68,Cyo_c21Ua_68,100,[100 - NaN%],0,98.3,"<span style='color:#0A6003;'><span style='color:#0A6003;'>Cyo</span></span> c21Ua 68<sup style=""vertical-align: super;"">T</sup>","<span style='color:#0A6003;'><span style='color:#0A6003;'>Cyo</span></span> c21Ua 68<sup style=""vertical-align: super;"">T</sup>"
Cyo_c21Ua_68,Cyo_KPL2619,93.3,[91.4 - 94.8%],0.0085,96.79,"<span style='color:#0A6003;'><span style='color:#0A6003;'>Cyo</span></span> c21Ua 68<sup style=""vertical-align: super;"">T</sup>",<span style='color:#0A6003;'><span style='color:#0A6003;'>Cyo</span></span> KPL2619
Cyo_c21Ua_68,Cyo_MSK136,99.8,[99.7 - 99.9%],4e-4,98.25,"<span style='color:#0A6003;'><span style='color:#0A6003;'>Cyo</span></span> c21Ua 68<sup style=""vertical-align: super;"">T</sup>",<span style='color:#0A6003;'><span style='color:#0A6003;'>Cyo</span></span> MSK136
Cyo_KPL2619,Ccu_c8Ua_181,31.6,[29.2 - 34.1%],0.134,0.2,<span style='color:#0A6003;'><span style='color:#0A6003;'>Cyo</span></span> KPL2619,"<span style='color:#FF00FF;'>Ccu</span> c8Ua 181<sup style=""vertical-align: super;"">T</sup>"
Cyo_KPL2619,Ccu_CTNIH19,31.5,[29.1 - 34%],0.1343,0.19,<span style='color:#0A6003;'><span style='color:#0A6003;'>Cyo</span></span> KPL2619,<span style='color:#FF00FF;'>Ccu</span> CTNIH19
Cyo_KPL2619,Cha_CTNIH20,32.7,[30.3 - 35.2%],0.1286,0.3,<span style='color:#0A6003;'><span style='color:#0A6003;'>Cyo</span></span> KPL2619,<span style='color:#0ABF00;'>Cha</span> CTNIH20
Cyo_KPL2619,Cha_CTNIH21,32.2,[29.8 - 34.8%],0.1306,0.25,<span style='color:#0A6003;'><span style='color:#0A6003;'>Cyo</span></span> KPL2619,<span style='color:#0ABF00;'>Cha</span> CTNIH21
Cyo_KPL2619,Cha_CTNIH22,32.9,[30.4 - 35.4%],0.1277,0.32,<span style='color:#0A6003;'><span style='color:#0A6003;'>Cyo</span></span> KPL2619,"<span style='color:#0ABF00;'>Cha</span> CTNIH22<sup style=""vertical-align: super;"">T</sup>"
Cyo_KPL2619,Cha_CTNIH23,32.5,[30 - 35%],0.1296,0.27,<span style='color:#0A6003;'><span style='color:#0A6003;'>Cyo</span></span> KPL2619,<span style='color:#0ABF00;'>Cha</span> CTNIH23
Cyo_KPL2619,Cke_CTNIH24,40,[37.5 - 42.6%],0.0994,2.73,<span style='color:#0A6003;'><span style='color:#0A6003;'>Cyo</span></span> KPL2619,<span style='color:#8200E7;'>Cna</span> CTNIH24
Cyo_KPL2619,Cke_CTNIH27,40.2,[37.7 - 42.8%],0.0987,2.88,<span style='color:#0A6003;'><span style='color:#0A6003;'>Cyo</span></span> KPL2619,<span style='color:#8200E7;'>Cna</span> CTNIH27
Cyo_KPL2619,Cke_EYE_437,40.1,[37.6 - 42.6%],0.0991,2.79,<span style='color:#0A6003;'><span style='color:#0A6003;'>Cyo</span></span> KPL2619,<span style='color:#8200E7;'><span style='color:#8200E7;'>Cke</span></span> EYE_437
Cyo_KPL2619,Cke_FDAARGOS_1055,40.4,[37.9 - 43%],0.098,3.02,<span style='color:#0A6003;'><span style='color:#0A6003;'>Cyo</span></span> KPL2619,<span style='color:#8200E7;'>Cke</span> FDAARGOS 1055
Cyo_KPL2619,Cke_LK1134,40,[37.5 - 42.5%],0.0996,2.69,<span style='color:#0A6003;'><span style='color:#0A6003;'>Cyo</span></span> KPL2619,<span style='color:#8200E7;'><span style='color:#8200E7;'>Cke</span></span> LK1134
Cyo_KPL2619,Cke_YSMAA5_1_D11,40.1,[37.6 - 42.6%],0.0991,2.79,<span style='color:#0A6003;'><span style='color:#0A6003;'>Cyo</span></span> KPL2619,<span style='color:#8200E7;'>Cke</span> YSMAA5_1_D11
Cyo_KPL2619,Cmq_c19Ua_121,36,[33.6 - 38.5%],0.114,0.91,<span style='color:#0A6003;'><span style='color:#0A6003;'>Cyo</span></span> KPL2619,"<span style='color:#39D9E5;'>Cmq</span> c19Ua 121<sup style=""vertical-align: super;"">T</sup>"
Cyo_KPL2619,Cmq_KPL4083,36,[33.6 - 38.5%],0.114,0.9,<span style='color:#0A6003;'><span style='color:#0A6003;'>Cyo</span></span> KPL2619,<span style='color:#39D9E5;'>Cmq</span> KPL4083
Cyo_KPL2619,Cmq_MSK144,36.2,[33.7 - 38.7%],0.1135,0.94,<span style='color:#0A6003;'><span style='color:#0A6003;'>Cyo</span></span> KPL2619,<span style='color:#39D9E5;'>Cmq</span> MSK144
Cyo_KPL2619,Cna_KPL2825,40.5,[38 - 43%],0.0979,3.05,<span style='color:#0A6003;'><span style='color:#0A6003;'>Cyo</span></span> KPL2619,<span style='color:#8200E7;'>Cna</span> KPL2825
Cyo_KPL2619,Cna_KPL3649,40.3,[37.8 - 42.8%],0.0986,2.9,<span style='color:#0A6003;'><span style='color:#0A6003;'>Cyo</span></span> KPL2619,<span style='color:#8200E7;'>Cna</span> KPL3649
Cyo_KPL2619,Cna_KPL3804,39.9,[37.5 - 42.5%],0.0996,2.68,<span style='color:#0A6003;'><span style='color:#0A6003;'>Cyo</span></span> KPL2619,"<span style='color:#8200E7;'>Cna</span> KPL3804<sup style=""vertical-align: super;"">T</sup>"
Cyo_KPL2619,Cna_KPL4035,39.7,[37.2 - 42.3%],0.1004,2.53,<span style='color:#0A6003;'><span style='color:#0A6003;'>Cyo</span></span> KPL2619,<span style='color:#8200E7;'>Cna</span> KPL4035
Cyo_KPL2619,Cna_KPL4072,40,[37.5 - 42.5%],0.0995,2.71,<span style='color:#0A6003;'><span style='color:#0A6003;'>Cyo</span></span> KPL2619,<span style='color:#8200E7;'>Cna</span> KPL4072
Cyo_KPL2619,Cna_MSK071,40.3,[37.8 - 42.8%],0.0986,2.89,<span style='color:#0A6003;'><span style='color:#0A6003;'>Cyo</span></span> KPL2619,<span style='color:#8200E7;'>Cna</span> MSK071
Cyo_KPL2619,Cna_MSK185,40.6,[38.1 - 43.1%],0.0976,3.12,<span style='color:#0A6003;'><span style='color:#0A6003;'>Cyo</span></span> KPL2619,<span style='color:#8200E7;'>Cna</span> MSK185
Cyo_KPL2619,Cna_MSK194,39.9,[37.4 - 42.4%],0.0998,2.65,<span style='color:#0A6003;'><span style='color:#0A6003;'>Cyo</span></span> KPL2619,<span style='color:#8200E7;'>Cna</span> MSK194
Cyo_KPL2619,Ctu_DSM_44922,36.5,[34.1 - 39%],0.112,1.05,<span style='color:#0A6003;'><span style='color:#0A6003;'>Cyo</span></span> KPL2619,"<span style='color:#002BFF;'>Ctu</span> DSM 44922<sup style=""vertical-align: super;"">T</sup>"
Cyo_KPL2619,Ctu_KPL3807,35.9,[33.5 - 38.5%],0.1143,0.88,<span style='color:#0A6003;'><span style='color:#0A6003;'>Cyo</span></span> KPL2619,<span style='color:#002BFF;'>Ctu</span> KPL3807
Cyo_KPL2619,Ctu_MSK207,36,[33.5 - 38.5%],0.1143,0.89,<span style='color:#0A6003;'><span style='color:#0A6003;'>Cyo</span></span> KPL2619,<span style='color:#002BFF;'>Ctu</span> MSK207
Cyo_KPL2619,Ctu_SK141,36.2,[33.7 - 38.7%],0.1133,0.95,<span style='color:#0A6003;'><span style='color:#0A6003;'>Cyo</span></span> KPL2619,<span style='color:#002BFF;'>Ctu</span> SK141
Cyo_KPL2619,Cyo_c21Ua_68,93.3,[91.4 - 94.8%],0.0085,96.79,<span style='color:#0A6003;'><span style='color:#0A6003;'>Cyo</span></span> KPL2619,"<span style='color:#0A6003;'><span style='color:#0A6003;'>Cyo</span></span> c21Ua 68<sup style=""vertical-align: super;"">T</sup>"
Cyo_KPL2619,Cyo_KPL2619,100,[100 - NaN%],0,98.3,<span style='color:#0A6003;'><span style='color:#0A6003;'>Cyo</span></span> KPL2619,<span style='color:#0A6003;'><span style='color:#0A6003;'>Cyo</span></span> KPL2619
Cyo_KPL2619,Cyo_MSK136,92.7,[90.8 - 94.3%],0.0091,96.63,<span style='color:#0A6003;'><span style='color:#0A6003;'>Cyo</span></span> KPL2619,<span style='color:#0A6003;'><span style='color:#0A6003;'>Cyo</span></span> MSK136
Cyo_MSK136,Ccu_c8Ua_181,31.9,[29.5 - 34.4%],0.1323,0.22,<span style='color:#0A6003;'><span style='color:#0A6003;'>Cyo</span></span> MSK136,"<span style='color:#FF00FF;'>Ccu</span> c8Ua 181<sup style=""vertical-align: super;"">T</sup>"
Cyo_MSK136,Ccu_CTNIH19,31.5,[29.1 - 34%],0.1345,0.19,<span style='color:#0A6003;'><span style='color:#0A6003;'>Cyo</span></span> MSK136,<span style='color:#FF00FF;'>Ccu</span> CTNIH19
Cyo_MSK136,Cha_CTNIH20,32.5,[30.1 - 35%],0.1294,0.28,<span style='color:#0A6003;'><span style='color:#0A6003;'>Cyo</span></span> MSK136,<span style='color:#0ABF00;'>Cha</span> CTNIH20
Cyo_MSK136,Cha_CTNIH21,32.4,[30 - 34.9%],0.1297,0.27,<span style='color:#0A6003;'><span style='color:#0A6003;'>Cyo</span></span> MSK136,<span style='color:#0ABF00;'>Cha</span> CTNIH21
Cyo_MSK136,Cha_CTNIH22,33.4,[31 - 35.9%],0.1252,0.38,<span style='color:#0A6003;'><span style='color:#0A6003;'>Cyo</span></span> MSK136,"<span style='color:#0ABF00;'>Cha</span> CTNIH22<sup style=""vertical-align: super;"">T</sup>"
Cyo_MSK136,Cha_CTNIH23,32.4,[30 - 34.9%],0.1299,0.27,<span style='color:#0A6003;'><span style='color:#0A6003;'>Cyo</span></span> MSK136,<span style='color:#0ABF00;'>Cha</span> CTNIH23
Cyo_MSK136,Cke_CTNIH24,40.1,[37.6 - 42.6%],0.0992,2.76,<span style='color:#0A6003;'><span style='color:#0A6003;'>Cyo</span></span> MSK136,<span style='color:#8200E7;'>Cna</span> CTNIH24
Cyo_MSK136,Cke_CTNIH27,40.4,[37.9 - 42.9%],0.0981,3.01,<span style='color:#0A6003;'><span style='color:#0A6003;'>Cyo</span></span> MSK136,<span style='color:#8200E7;'>Cna</span> CTNIH27
Cyo_MSK136,Cke_EYE_437,40.3,[37.8 - 42.8%],0.0986,2.9,<span style='color:#0A6003;'><span style='color:#0A6003;'>Cyo</span></span> MSK136,<span style='color:#8200E7;'><span style='color:#8200E7;'>Cke</span></span> EYE_437
Cyo_MSK136,Cke_FDAARGOS_1055,40.9,[38.4 - 43.4%],0.0966,3.37,<span style='color:#0A6003;'><span style='color:#0A6003;'>Cyo</span></span> MSK136,<span style='color:#8200E7;'>Cke</span> FDAARGOS 1055
Cyo_MSK136,Cke_LK1134,40,[37.5 - 42.6%],0.0993,2.73,<span style='color:#0A6003;'><span style='color:#0A6003;'>Cyo</span></span> MSK136,<span style='color:#8200E7;'><span style='color:#8200E7;'>Cke</span></span> LK1134
Cyo_MSK136,Cke_YSMAA5_1_D11,40.2,[37.8 - 42.8%],0.0986,2.89,<span style='color:#0A6003;'><span style='color:#0A6003;'>Cyo</span></span> MSK136,<span style='color:#8200E7;'>Cke</span> YSMAA5_1_D11
Cyo_MSK136,Cmq_c19Ua_121,35.9,[33.5 - 38.4%],0.1144,0.88,<span style='color:#0A6003;'><span style='color:#0A6003;'>Cyo</span></span> MSK136,"<span style='color:#39D9E5;'>Cmq</span> c19Ua 121<sup style=""vertical-align: super;"">T</sup>"
Cyo_MSK136,Cmq_KPL4083,35.8,[33.4 - 38.4%],0.1147,0.86,<span style='color:#0A6003;'><span style='color:#0A6003;'>Cyo</span></span> MSK136,<span style='color:#39D9E5;'>Cmq</span> KPL4083
Cyo_MSK136,Cmq_MSK144,36,[33.6 - 38.6%],0.1139,0.91,<span style='color:#0A6003;'><span style='color:#0A6003;'>Cyo</span></span> MSK136,<span style='color:#39D9E5;'>Cmq</span> MSK144
Cyo_MSK136,Cna_KPL2825,40.6,[38.2 - 43.2%],0.0973,3.19,<span style='color:#0A6003;'><span style='color:#0A6003;'>Cyo</span></span> MSK136,<span style='color:#8200E7;'>Cna</span> KPL2825
Cyo_MSK136,Cna_KPL3649,40.4,[37.9 - 43%],0.098,3.02,<span style='color:#0A6003;'><span style='color:#0A6003;'>Cyo</span></span> MSK136,<span style='color:#8200E7;'>Cna</span> KPL3649
Cyo_MSK136,Cna_KPL3804,40.1,[37.6 - 42.6%],0.0991,2.79,<span style='color:#0A6003;'><span style='color:#0A6003;'>Cyo</span></span> MSK136,"<span style='color:#8200E7;'>Cna</span> KPL3804<sup style=""vertical-align: super;"">T</sup>"
Cyo_MSK136,Cna_KPL4035,39.7,[37.2 - 42.2%],0.1006,2.5,<span style='color:#0A6003;'><span style='color:#0A6003;'>Cyo</span></span> MSK136,<span style='color:#8200E7;'>Cna</span> KPL4035
Cyo_MSK136,Cna_KPL4072,40,[37.5 - 42.5%],0.0994,2.72,<span style='color:#0A6003;'><span style='color:#0A6003;'>Cyo</span></span> MSK136,<span style='color:#8200E7;'>Cna</span> KPL4072
Cyo_MSK136,Cna_MSK071,40.4,[37.9 - 43%],0.098,3.02,<span style='color:#0A6003;'><span style='color:#0A6003;'>Cyo</span></span> MSK136,<span style='color:#8200E7;'>Cna</span> MSK071
Cyo_MSK136,Cna_MSK185,40.6,[38.1 - 43.1%],0.0975,3.13,<span style='color:#0A6003;'><span style='color:#0A6003;'>Cyo</span></span> MSK136,<span style='color:#8200E7;'>Cna</span> MSK185
Cyo_MSK136,Cna_MSK194,40.1,[37.6 - 42.6%],0.0992,2.76,<span style='color:#0A6003;'><span style='color:#0A6003;'>Cyo</span></span> MSK136,<span style='color:#8200E7;'>Cna</span> MSK194
Cyo_MSK136,Ctu_DSM_44922,36.5,[34.1 - 39%],0.112,1.05,<span style='color:#0A6003;'><span style='color:#0A6003;'>Cyo</span></span> MSK136,"<span style='color:#002BFF;'>Ctu</span> DSM 44922<sup style=""vertical-align: super;"">T</sup>"
Cyo_MSK136,Ctu_KPL3807,35.9,[33.5 - 38.4%],0.1144,0.88,<span style='color:#0A6003;'><span style='color:#0A6003;'>Cyo</span></span> MSK136,<span style='color:#002BFF;'>Ctu</span> KPL3807
Cyo_MSK136,Ctu_MSK207,36,[33.5 - 38.5%],0.1142,0.89,<span style='color:#0A6003;'><span style='color:#0A6003;'>Cyo</span></span> MSK136,<span style='color:#002BFF;'>Ctu</span> MSK207
Cyo_MSK136,Ctu_SK141,36.3,[33.8 - 38.8%],0.1131,0.97,<span style='color:#0A6003;'><span style='color:#0A6003;'>Cyo</span></span> MSK136,<span style='color:#002BFF;'>Ctu</span> SK141
Cyo_MSK136,Cyo_c21Ua_68,99.8,[99.7 - 99.9%],4e-4,98.25,<span style='color:#0A6003;'><span style='color:#0A6003;'>Cyo</span></span> MSK136,"<span style='color:#0A6003;'><span style='color:#0A6003;'>Cyo</span></span> c21Ua 68<sup style=""vertical-align: super;"">T</sup>"
Cyo_MSK136,Cyo_KPL2619,92.7,[90.8 - 94.3%],0.0091,96.63,<span style='color:#0A6003;'><span style='color:#0A6003;'>Cyo</span></span> MSK136,<span style='color:#0A6003;'><span style='color:#0A6003;'>Cyo</span></span> KPL2619
Cyo_MSK136,Cyo_MSK136,100,[100 - NaN%],0,98.3,<span style='color:#0A6003;'><span style='color:#0A6003;'>Cyo</span></span> MSK136,<span style='color:#0A6003;'><span style='color:#0A6003;'>Cyo</span></span> MSK136
Cha_CTNIH22,Ccu_c8Ua_181,51.7,[49 - 54.3%],0.0679,23.99,"<span style='color:#0ABF00;'>Cha</span> CTNIH22<sup style=""vertical-align: super;"">T</sup>","<span style='color:#FF00FF;'>Ccu</span> c8Ua 181<sup style=""vertical-align: super;"">T</sup>"
Cha_CTNIH22,Ccu_CTNIH19,51.9,[49.2 - 54.5%],0.0674,24.64,"<span style='color:#0ABF00;'>Cha</span> CTNIH22<sup style=""vertical-align: super;"">T</sup>",<span style='color:#FF00FF;'>Ccu</span> CTNIH19
Cha_CTNIH22,Cha_CTNIH20,78.6,[75.6 - 81.3%],0.025,89.44,"<span style='color:#0ABF00;'>Cha</span> CTNIH22<sup style=""vertical-align: super;"">T</sup>",<span style='color:#0ABF00;'>Cha</span> CTNIH20
Cha_CTNIH22,Cha_CTNIH21,78.1,[75.2 - 80.9%],0.0256,89.03,"<span style='color:#0ABF00;'>Cha</span> CTNIH22<sup style=""vertical-align: super;"">T</sup>",<span style='color:#0ABF00;'>Cha</span> CTNIH21
Cha_CTNIH22,Cha_CTNIH22,100,[100 - NaN%],0,98.3,"<span style='color:#0ABF00;'>Cha</span> CTNIH22<sup style=""vertical-align: super;"">T</sup>","<span style='color:#0ABF00;'>Cha</span> CTNIH22<sup style=""vertical-align: super;"">T</sup>"
Cha_CTNIH22,Cha_CTNIH23,76.8,[73.8 - 79.6%],0.0272,87.77,"<span style='color:#0ABF00;'>Cha</span> CTNIH22<sup style=""vertical-align: super;"">T</sup>",<span style='color:#0ABF00;'>Cha</span> CTNIH23
Cha_CTNIH22,Cke_CTNIH24,32.8,[30.4 - 35.3%],0.128,0.31,"<span style='color:#0ABF00;'>Cha</span> CTNIH22<sup style=""vertical-align: super;"">T</sup>",<span style='color:#8200E7;'>Cna</span> CTNIH24
Cha_CTNIH22,Cke_CTNIH27,33.1,[30.6 - 35.6%],0.1268,0.34,"<span style='color:#0ABF00;'>Cha</span> CTNIH22<sup style=""vertical-align: super;"">T</sup>",<span style='color:#8200E7;'>Cna</span> CTNIH27
Cha_CTNIH22,Cke_EYE_437,33,[30.6 - 35.5%],0.1271,0.33,"<span style='color:#0ABF00;'>Cha</span> CTNIH22<sup style=""vertical-align: super;"">T</sup>",<span style='color:#8200E7;'><span style='color:#8200E7;'>Cke</span></span> EYE_437
Cha_CTNIH22,Cke_FDAARGOS_1055,33.2,[30.8 - 35.7%],0.1262,0.36,"<span style='color:#0ABF00;'>Cha</span> CTNIH22<sup style=""vertical-align: super;"">T</sup>",<span style='color:#8200E7;'>Cke</span> FDAARGOS 1055
Cha_CTNIH22,Cke_LK1134,33.1,[30.7 - 35.6%],0.1266,0.35,"<span style='color:#0ABF00;'>Cha</span> CTNIH22<sup style=""vertical-align: super;"">T</sup>",<span style='color:#8200E7;'><span style='color:#8200E7;'>Cke</span></span> LK1134
Cha_CTNIH22,Cke_YSMAA5_1_D11,33.1,[30.7 - 35.6%],0.1265,0.35,"<span style='color:#0ABF00;'>Cha</span> CTNIH22<sup style=""vertical-align: super;"">T</sup>",<span style='color:#8200E7;'>Cke</span> YSMAA5_1_D11
Cha_CTNIH22,Cmq_c19Ua_121,37.8,[35.3 - 40.3%],0.1071,1.52,"<span style='color:#0ABF00;'>Cha</span> CTNIH22<sup style=""vertical-align: super;"">T</sup>","<span style='color:#39D9E5;'>Cmq</span> c19Ua 121<sup style=""vertical-align: super;"">T</sup>"
Cha_CTNIH22,Cmq_KPL4083,38.3,[35.8 - 40.8%],0.1054,1.73,"<span style='color:#0ABF00;'>Cha</span> CTNIH22<sup style=""vertical-align: super;"">T</sup>",<span style='color:#39D9E5;'>Cmq</span> KPL4083
Cha_CTNIH22,Cmq_MSK144,37.9,[35.5 - 40.5%],0.1067,1.58,"<span style='color:#0ABF00;'>Cha</span> CTNIH22<sup style=""vertical-align: super;"">T</sup>",<span style='color:#39D9E5;'>Cmq</span> MSK144
Cha_CTNIH22,Cna_KPL2825,33.2,[30.8 - 35.7%],0.126,0.36,"<span style='color:#0ABF00;'>Cha</span> CTNIH22<sup style=""vertical-align: super;"">T</sup>",<span style='color:#8200E7;'>Cna</span> KPL2825
Cha_CTNIH22,Cna_KPL3649,33,[30.6 - 35.5%],0.1271,0.33,"<span style='color:#0ABF00;'>Cha</span> CTNIH22<sup style=""vertical-align: super;"">T</sup>",<span style='color:#8200E7;'>Cna</span> KPL3649
Cha_CTNIH22,Cna_KPL3804,33,[30.6 - 35.6%],0.1268,0.34,"<span style='color:#0ABF00;'>Cha</span> CTNIH22<sup style=""vertical-align: super;"">T</sup>","<span style='color:#8200E7;'>Cna</span> KPL3804<sup style=""vertical-align: super;"">T</sup>"
Cha_CTNIH22,Cna_KPL4035,32.8,[30.3 - 35.3%],0.1282,0.31,"<span style='color:#0ABF00;'>Cha</span> CTNIH22<sup style=""vertical-align: super;"">T</sup>",<span style='color:#8200E7;'>Cna</span> KPL4035
Cha_CTNIH22,Cna_KPL4072,32.9,[30.5 - 35.4%],0.1274,0.33,"<span style='color:#0ABF00;'>Cha</span> CTNIH22<sup style=""vertical-align: super;"">T</sup>",<span style='color:#8200E7;'>Cna</span> KPL4072
Cha_CTNIH22,Cna_MSK071,33,[30.5 - 35.5%],0.1272,0.33,"<span style='color:#0ABF00;'>Cha</span> CTNIH22<sup style=""vertical-align: super;"">T</sup>",<span style='color:#8200E7;'>Cna</span> MSK071
Cha_CTNIH22,Cna_MSK185,33.2,[30.7 - 35.7%],0.1263,0.35,"<span style='color:#0ABF00;'>Cha</span> CTNIH22<sup style=""vertical-align: super;"">T</sup>",<span style='color:#8200E7;'>Cna</span> MSK185
Cha_CTNIH22,Cna_MSK194,33,[30.6 - 35.5%],0.1269,0.34,"<span style='color:#0ABF00;'>Cha</span> CTNIH22<sup style=""vertical-align: super;"">T</sup>",<span style='color:#8200E7;'>Cna</span> MSK194
Cha_CTNIH22,Ctu_DSM_44922,37.1,[34.6 - 39.6%],0.1099,1.23,"<span style='color:#0ABF00;'>Cha</span> CTNIH22<sup style=""vertical-align: super;"">T</sup>","<span style='color:#002BFF;'>Ctu</span> DSM 44922<sup style=""vertical-align: super;"">T</sup>"
Cha_CTNIH22,Ctu_KPL3807,37.6,[35.2 - 40.2%],0.10780000000000001,1.45,"<span style='color:#0ABF00;'>Cha</span> CTNIH22<sup style=""vertical-align: super;"">T</sup>",<span style='color:#002BFF;'>Ctu</span> KPL3807
Cha_CTNIH22,Ctu_MSK207,37,[34.5 - 39.5%],0.1103,1.2,"<span style='color:#0ABF00;'>Cha</span> CTNIH22<sup style=""vertical-align: super;"">T</sup>",<span style='color:#002BFF;'>Ctu</span> MSK207
Cha_CTNIH22,Ctu_SK141,36.9,[34.4 - 39.4%],0.1107,1.16,"<span style='color:#0ABF00;'>Cha</span> CTNIH22<sup style=""vertical-align: super;"">T</sup>",<span style='color:#002BFF;'>Ctu</span> SK141
Cha_CTNIH22,Cyo_c21Ua_68,33,[30.6 - 35.5%],0.1271,0.33,"<span style='color:#0ABF00;'>Cha</span> CTNIH22<sup style=""vertical-align: super;"">T</sup>","<span style='color:#0A6003;'><span style='color:#0A6003;'>Cyo</span></span> c21Ua 68<sup style=""vertical-align: super;"">T</sup>"
Cha_CTNIH22,Cyo_KPL2619,32.9,[30.4 - 35.4%],0.1277,0.32,"<span style='color:#0ABF00;'>Cha</span> CTNIH22<sup style=""vertical-align: super;"">T</sup>",<span style='color:#0A6003;'><span style='color:#0A6003;'>Cyo</span></span> KPL2619
Cha_CTNIH22,Cyo_MSK136,33.4,[31 - 35.9%],0.1252,0.38,"<span style='color:#0ABF00;'>Cha</span> CTNIH22<sup style=""vertical-align: super;"">T</sup>",<span style='color:#0A6003;'><span style='color:#0A6003;'>Cyo</span></span> MSK136
Cke_YSMAA5_1_D11,Ccu_c8Ua_181,31.6,[29.2 - 34.1%],0.1336,0.2,<span style='color:#8200E7;'>Cke</span> YSMAA5_1_D11,"<span style='color:#FF00FF;'>Ccu</span> c8Ua 181<sup style=""vertical-align: super;"">T</sup>"
Cke_YSMAA5_1_D11,Ccu_CTNIH19,31.6,[29.2 - 34.1%],0.1336,0.2,<span style='color:#8200E7;'>Cke</span> YSMAA5_1_D11,<span style='color:#FF00FF;'>Ccu</span> CTNIH19
Cke_YSMAA5_1_D11,Cha_CTNIH20,32.8,[30.3 - 35.3%],0.1281,0.31,<span style='color:#8200E7;'>Cke</span> YSMAA5_1_D11,<span style='color:#0ABF00;'>Cha</span> CTNIH20
Cke_YSMAA5_1_D11,Cha_CTNIH21,32.8,[30.4 - 35.4%],0.1277,0.32,<span style='color:#8200E7;'>Cke</span> YSMAA5_1_D11,<span style='color:#0ABF00;'>Cha</span> CTNIH21
Cke_YSMAA5_1_D11,Cha_CTNIH22,33.1,[30.7 - 35.6%],0.1265,0.35,<span style='color:#8200E7;'>Cke</span> YSMAA5_1_D11,"<span style='color:#0ABF00;'>Cha</span> CTNIH22<sup style=""vertical-align: super;"">T</sup>"
Cke_YSMAA5_1_D11,Cha_CTNIH23,32.7,[30.3 - 35.2%],0.1285,0.3,<span style='color:#8200E7;'>Cke</span> YSMAA5_1_D11,<span style='color:#0ABF00;'>Cha</span> CTNIH23
Cke_YSMAA5_1_D11,Cke_CTNIH24,80.2,[77.3 - 82.8%],0.0231,90.75,<span style='color:#8200E7;'>Cke</span> YSMAA5_1_D11,<span style='color:#8200E7;'>Cna</span> CTNIH24
Cke_YSMAA5_1_D11,Cke_CTNIH27,80.6,[77.7 - 83.2%],0.0226,91.04,<span style='color:#8200E7;'>Cke</span> YSMAA5_1_D11,<span style='color:#8200E7;'>Cna</span> CTNIH27
Cke_YSMAA5_1_D11,Cke_EYE_437,81,[78.1 - 83.6%],0.0221,91.35,<span style='color:#8200E7;'>Cke</span> YSMAA5_1_D11,<span style='color:#8200E7;'><span style='color:#8200E7;'>Cke</span></span> EYE_437
Cke_YSMAA5_1_D11,Cke_FDAARGOS_1055,83.3,[80.5 - 85.8%],0.0196,92.8,<span style='color:#8200E7;'>Cke</span> YSMAA5_1_D11,<span style='color:#8200E7;'>Cke</span> FDAARGOS 1055
Cke_YSMAA5_1_D11,Cke_LK1134,80.4,[77.5 - 83%],0.0229,90.9,<span style='color:#8200E7;'>Cke</span> YSMAA5_1_D11,<span style='color:#8200E7;'><span style='color:#8200E7;'>Cke</span></span> LK1134
Cke_YSMAA5_1_D11,Cke_YSMAA5_1_D11,100,[100 - NaN%],0,98.3,<span style='color:#8200E7;'>Cke</span> YSMAA5_1_D11,<span style='color:#8200E7;'>Cke</span> YSMAA5_1_D11
Cke_YSMAA5_1_D11,Cmq_c19Ua_121,35.7,[33.3 - 38.2%],0.1152,0.83,<span style='color:#8200E7;'>Cke</span> YSMAA5_1_D11,"<span style='color:#39D9E5;'>Cmq</span> c19Ua 121<sup style=""vertical-align: super;"">T</sup>"
Cke_YSMAA5_1_D11,Cmq_KPL4083,36.4,[33.9 - 38.9%],0.1126,1.01,<span style='color:#8200E7;'>Cke</span> YSMAA5_1_D11,<span style='color:#39D9E5;'>Cmq</span> KPL4083
Cke_YSMAA5_1_D11,Cmq_MSK144,35.7,[33.3 - 38.2%],0.1153,0.82,<span style='color:#8200E7;'>Cke</span> YSMAA5_1_D11,<span style='color:#39D9E5;'>Cmq</span> MSK144
Cke_YSMAA5_1_D11,Cna_KPL2825,84,[81.2 - 86.4%],0.0188,93.19,<span style='color:#8200E7;'>Cke</span> YSMAA5_1_D11,<span style='color:#8200E7;'>Cna</span> KPL2825
Cke_YSMAA5_1_D11,Cna_KPL3649,85.8,[83.2 - 88.1%],0.0167,94.13,<span style='color:#8200E7;'>Cke</span> YSMAA5_1_D11,<span style='color:#8200E7;'>Cna</span> KPL3649
Cke_YSMAA5_1_D11,Cna_KPL3804,99.6,[99.4 - 99.8%],8e-4,98.2,<span style='color:#8200E7;'>Cke</span> YSMAA5_1_D11,"<span style='color:#8200E7;'>Cna</span> KPL3804<sup style=""vertical-align: super;"">T</sup>"
Cke_YSMAA5_1_D11,Cna_KPL4035,78.6,[75.6 - 81.2%],0.0251,89.39,<span style='color:#8200E7;'>Cke</span> YSMAA5_1_D11,<span style='color:#8200E7;'>Cna</span> KPL4035
Cke_YSMAA5_1_D11,Cna_KPL4072,81.3,[78.4 - 83.9%],0.0219,91.52,<span style='color:#8200E7;'>Cke</span> YSMAA5_1_D11,<span style='color:#8200E7;'>Cna</span> KPL4072
Cke_YSMAA5_1_D11,Cna_MSK071,85.7,[83.1 - 88.1%],0.0168,94.09,<span style='color:#8200E7;'>Cke</span> YSMAA5_1_D11,<span style='color:#8200E7;'>Cna</span> MSK071
Cke_YSMAA5_1_D11,Cna_MSK185,79.7,[76.8 - 82.4%],0.0237,90.36,<span style='color:#8200E7;'>Cke</span> YSMAA5_1_D11,<span style='color:#8200E7;'>Cna</span> MSK185
Cke_YSMAA5_1_D11,Cna_MSK194,99.6,[99.4 - 99.8%],8e-4,98.2,<span style='color:#8200E7;'>Cke</span> YSMAA5_1_D11,<span style='color:#8200E7;'>Cna</span> MSK194
Cke_YSMAA5_1_D11,Ctu_DSM_44922,36.4,[34 - 38.9%],0.1124,1.02,<span style='color:#8200E7;'>Cke</span> YSMAA5_1_D11,"<span style='color:#002BFF;'>Ctu</span> DSM 44922<sup style=""vertical-align: super;"">T</sup>"
Cke_YSMAA5_1_D11,Ctu_KPL3807,35.3,[32.8 - 37.8%],0.1171,0.72,<span style='color:#8200E7;'>Cke</span> YSMAA5_1_D11,<span style='color:#002BFF;'>Ctu</span> KPL3807
Cke_YSMAA5_1_D11,Ctu_MSK207,35.6,[33.1 - 38.1%],0.1157,0.79,<span style='color:#8200E7;'>Cke</span> YSMAA5_1_D11,<span style='color:#002BFF;'>Ctu</span> MSK207
Cke_YSMAA5_1_D11,Ctu_SK141,36.6,[34.1 - 39.1%],0.1118,1.07,<span style='color:#8200E7;'>Cke</span> YSMAA5_1_D11,<span style='color:#002BFF;'>Ctu</span> SK141
Cke_YSMAA5_1_D11,Cyo_c21Ua_68,40.2,[37.7 - 42.8%],0.0987,2.87,<span style='color:#8200E7;'>Cke</span> YSMAA5_1_D11,"<span style='color:#0A6003;'><span style='color:#0A6003;'>Cyo</span></span> c21Ua 68<sup style=""vertical-align: super;"">T</sup>"
Cke_YSMAA5_1_D11,Cyo_KPL2619,40.1,[37.6 - 42.6%],0.0991,2.79,<span style='color:#8200E7;'>Cke</span> YSMAA5_1_D11,<span style='color:#0A6003;'><span style='color:#0A6003;'>Cyo</span></span> KPL2619
Cke_YSMAA5_1_D11,Cyo_MSK136,40.2,[37.8 - 42.8%],0.0986,2.89,<span style='color:#8200E7;'>Cke</span> YSMAA5_1_D11,<span style='color:#0A6003;'><span style='color:#0A6003;'>Cyo</span></span> MSK136
